mot_cpf,mot_rg,mot_nome,mot_renach,mot_telefone,mot_status,mot_cep,mot_rua
90249727285,768713030,Isabella Araujo,4934066547,1897726904,1,3737240,Rua Arraial da Barra 1761
22624565930,476259682,Manuela Gomes,20826288,1133396673,1,66045350,Travessa Quatorze de Março 1799Rua Pedro Pereira Filho 1588
23241754367,915561397,Vitór Souza,15478585884,9130162662,1,12220482,Rua Comendador Adelino Gonçalves 241Quadra Quadra 191 5
93050727128,451393871,Aline Rodrigues,100105908,1282653793,1,51275070,Rua Benjamin Stauffer 1454
18124236402,938278039,Renan Castro,5529927641,8182338010,1,72865191,Rua Professor Antônio Santos Veiga 118Praça Firmino Sá Brito Cardoso 1272Rua Doutor João Costa 91
47515869631,325228207,Carla Almeida,2809485,6150633091,0,14020350,Rua Marechal Deodoro 310
81954799608,766029207,Kauan Santos,55887553093,1631262368,1,13401490,Rua Terezinha de Matos 1464
99967834722,534413693,Mariana Cavalcanti,587891777,1980758016,1,91750425,Rua Vinte e Oito de Setembro 1142Rua Fernão de Magalhães 1188Rua Dona Sebastiana Alves 705Rua Artur Jacob Hessel 586
94486081366,634410088,Leila Fernandes,81752465778,5126063195,1,50760510,Rua Quatro 1936
74303555797,862919653,João Cavalcanti,826757026,8187287677,0,98807140,Rua Caja-Manga 1744
49621869650,257414313,Evelyn Cunha,29906373357,5522777575,0,83505125,Estrada Estrada Municipal BGI 348 1175Rua Reverendo Avelino Boamorte 1709Rua José Fontes Lima 1485
97963313904,516151367,Ana Pereira,296911943,4124044876,1,66821055,Rua General Canrobert 581
31034537873,597653787,Paulo Araujo,56669993112,9198853880,1,7934320,Rua Catolé do Rocha 459
36513376424,895635147,Leonor Almeida,591274917,1188813261,0,2883150,Rua Padre Cônego Massa 86
69482755677,574607120,Alice Pereira,98169161563,1166964486,1,18272390,Rua Marcílio Dias 154
30063886316,193850853,Nicolash Ferreira,908231027,1599383207,1,78053214,Rua Um 464
40205894372,738471155,Clara Barbosa,98171684871,6543906665,0,3244010,Rua Laura Gonçalves Lafaiete 1837Rua Machado de Assis 150
56259083386,325049084,Lara Goncalves,916748970,1190022451,0,16203575,Rua Padre Ferraz 70
95175379640,328432999,Thiago Lima,83184781583,1879276271,0,13481521,Rua Cacequi 677
36641163300,722555333,Gabrielly Santos,844392026,1980944911,0,57040310,Rua I 1866
47105437472,679915901,Luiza Lima,7537453868,8234705545,1,69065360,Rua Pedro Seita Hirata 1780
48155845672,489467378,Júlio Costa,9408253,9264076066,1,58302085,Rua Farmacêutico Collect Fonseca 1897Avenida Elias Nechar 1661
51579855504,254950710,Tomás Cardoso,21439187215,8348782875,1,98030030,Travessa Salustiano 611
15840766666,772509123,Livia Martins,211085778,5589523882,0,45824180,Rua Capitão Augusto Vidal 637Avenida E 1166
73547818435,444186631,Vitória Goncalves,99263518524,7342808876,0,32071150,Rua Doutor José Diniz Moreira 1247Beco Sambe 1803
23468348231,61225788,Clara Pinto,955565182,3166063462,1,26040275,Rua Carlos Araújo Rocha 1269Rua Presidente Kennedy 213
97207129459,513247848,Sofia Fernandes,77598295465,2157359334,1,78975195,Avenida S 1370
48939176332,601037740,Marisa Barros,784602698,6958179853,0,13974366,Rua C 1293
58345926940,328474325,Diego Martins,34435949455,1937755533,0,93410550,Rua Santa Terezinha 992
47212513601,777252032,Antônio Santos,398773719,5127149145,1,79824220,Rua Dom Pedro II 1457
89776385770,106410813,Maria Pinto,55910309288,6746764008,0,17527576,Avenida Santos Dumont 1496
29749067886,880324381,Rebeca Melo,599661437,1492342881,0,64076400,Avenida Peregrino Júnior 708Rua Líbano 74
32911189876,561238834,Paulo Carvalho,15903031330,8669044474,0,15803135,Rua José Henrique Correa 619Rua Pastor José Gomes 416
48879274791,116618480,Marcos Cavalcanti,100175578,1720518383,1,40253240,Avenida Calógeras 1444
17068897983,387449891,Estevan Barbosa,28590411996,7144167393,0,88131050,Rua Souza Uzel 226
99469529987,732858052,Isabela Rodrigues,238941004,4841697506,0,74543050,1ª Travessa Djard Ramos Martins 1715Rua Machado de Assis 837
65255441732,497182819,Sophia Fernandes,59116353592,6221063678,0,14405305,Rua C 1350
70170735257,305746293,Vinícius Oliveira,590066857,1627496173,1,23520140,Rua Dulce dos Santos Marques 1280Rua Isaac Annes 1435
14981659075,9830842,Diogo Cardoso,32864466046,2120727122,0,36202391,Rua Bitencourt 1756
83383154432,796362229,Leonardo Cunha,369257207,3256577198,1,68040170,Beco Montequeira 310
59484021182,370936419,Luís Ribeiro,20334953030,9381464200,0,69042290,Rua José Bruni 1284
72050009208,402661674,Enzo Silva,234750400,9239234313,1,33045230,Rua Frei Vital 120
64914886910,586625953,Yasmin Cavalcanti,5988988280,3181549389,0,59614720,Rua 115 1883
37695162736,286807661,Samuel Oliveira,87290381,8443185490,0,18601570,Rua A 1699
39694743702,817810431,Brenda Barros,11448431418,1498032960,0,29127320,Beco Amizade 288
29462120765,840406217,Rodrigo Barros,100618451,2726858608,1,22630440,Rua Galiléia 297
24441610092,633490777,Vitor Sousa,7080452944,2160082636,0,6660240,Alameda Veneza 1902
55214288018,858058957,Leonor Costa,59175390,1130579724,0,93425175,Rua Aímar Régis Fontana 157Estrada General Eurico Gaspar Dutra 1423Quadra QNF 23 1249
46577578494,99719073,Estevan Martins,65732675321,5167087865,0,24140396,Praça Vereador Jair Reihn 353Rua Rosemiro Telles de Sá 936Rua Alto dos Perus 139
55398496557,401942986,Matilde Pereira,657385874,2121859493,0,79002002,Rua Edgard Roquete Pinto 1203Rua Borba Gato 1219
87712354936,753651912,Lavinia Sousa,33232243277,6798893171,0,40213010,Rua José Braúlio de Santana 1675Rua AZ - 041 1883
25164719800,44316897,Rodrigo Pinto,341849266,7190432745,0,65030450,Rua Monte Video 1334
81806343100,598202483,Alice Melo,18840781272,9883342354,1,88133380,Rua Carlota Mossetti 727
86821491763,57905785,Martim Almeida,148031380,4828014251,0,69088484,Rua Carnaubeira 753
52546937111,181437940,Isabella Azevedo,64341394847,9264167477,1,6764130,Rua Jurema 1618
77675515633,812381270,Júlio Azevedo,697770136,1133247971,0,5075040,3ª Travessa Copacabana 1847
24354003732,421112237,Luana Correia,7951581075,1142633858,0,94150660,Rua Claos 1507
19898971932,447948278,Alice Almeida,84545492,5153858094,1,69047761,Rua Ivo Miguel da Silva 1867
26460202958,983011569,Nicole Ribeiro,61064074316,9265652949,0,13304080,Rua 7 JW 182
61522852670,581451762,Melissa Rodrigues,652853040,1170713618,0,11025090,Rua Rio de Janeiro 1626
70867962208,500416062,Leonor Ferreira,9010773156,1146404235,1,75100590,Rua Maria Bastos 130
29520895400,604184545,Daniel Lima,2449188,6224712696,0,90820010,Travessa União 973
28043904200,826675798,Breno Sousa,7266808864,5121403105,1,32664540,Alameda João Cruz Neto 775
48555816319,243791003,Julian Araujo,50701819,3192745811,0,8598470,Rua Pitangueiras 202
95087962190,205472822,Sophia Souza,89452116578,1168447657,0,69911210,Rua Osório Damas de Oliveira 1964Rua Argemiro Paccola 419
83749594600,628658899,Tânia Alves,899827446,6826238977,1,16080650,Rua Capivari 321
25655711273,128076683,Larissa Sousa,53791127382,1895114039,0,24370375,Rua Katinguelê 1510
31292483237,534982366,Ágatha Rodrigues,561896606,2154222183,0,72125730,Rua Baltazar Rodrigues dos Anjos 1850Rua Primavera 261
62683009984,684928917,Matilde Almeida,17754025093,6175528512,1,36051120,Rua Espírito Santo 1029
64675185355,931922971,Sarah Santos,144489012,3232762382,1,29047295,Rua Laurindo Vedana 1620
59527004039,811192905,Júlio Melo,69388746515,2777494494,1,55604190,Rua Carmem 137
97734764800,661549379,Julia Santos,691346548,8181374291,1,80730100,Rua Santa Luzia 1010
55634077486,423096845,Carla Rocha,7658606208,4184186272,1,31110420,Rua 29 1158
56455329961,127314996,Isabela Azevedo,10195863,3145936622,1,36302078,Rua 430 757
87235529806,256177103,Thaís Goncalves,88618494936,3241694042,1,88354142,Quadra SRES Quadra 04 Bloco S 1754Rua Vista Alegre 854
38524042583,895643065,Beatrice Sousa,823804603,4776608138,1,23812440,Rua Vidal 72
31835187242,763127296,Danilo Cunha,79572662814,2146334784,1,5266100,Rua Maria Kaminski Moll 1286
66950895313,593556478,Bruna Goncalves,729538469,1176253076,1,54140591,Rua Iris Memberg 22
54133590473,980424107,Eduarda Martins,44571169801,8174863926,0,57082070,Rua Catalpa 1390
33753806587,359155457,Victor Ribeiro,430418938,8229728991,1,54420243,Avenida Dolores Franco 655
48263913900,532634458,Tânia Barros,51850304161,8177252748,1,29168872,Acesso Dezessete 1315
58333455964,89377442,Kai Sousa,537151640,2736705991,1,8616780,Rua Paranavaí 1034
57751946598,282876947,Sarah Carvalho,49923249416,1128185214,1,13503666,Rua Manoel Humia Duran 754
76120972498,723162385,Rafael Barbosa,404298782,1925402568,1,25240170,Rua Geraldina Moreira Braga 546Rua R 1165
50904726100,399696107,Kai Goncalves,53544285832,2178437854,0,60832580,Rua Treze 406
23539851224,740111585,Gabriel Alves,577452440,8545623682,1,40421600,Rua Antônio Francisco Diemonn 1292Rua Laurita Fonseca Duarte 1158Alameda A 176
80212440462,115679924,Clara Pereira,48471600061,7179175737,1,18705811,Rua Presidente Tancredo A. Neves 1549Conjunto 02 HI Rua 32 134
85717009402,230155462,Matheus Oliveira,496687138,1494178896,0,86035100,Rua Júlio Veri 1861
69773199096,533729374,Fernanda Rodrigues,28340277171,4362555264,1,81150210,Rua Onze 813
37187141408,877301585,Julian Carvalho,268042251,4172937070,1,18681873,Rua Everaldo 620
80996203990,691965498,Marisa Almeida,68231508998,1487002074,0,21042090,Rua Visconde de Mauá 1073
50902840169,42304552,Manuela Pinto,649471041,2131927355,0,4855505,Rua Casemiro Manoel de Souza Filho 613Travessa Alcides Cruz 886
58624651387,482625976,Kauê Ferreira,11061990014,1147124858,1,58109533,Rua Guaratinguetá 1252
15575007200,445239129,Alex Gomes,181558007,8398064994,1,22705085,Rua Cabo São Roque 185
26586069580,912830227,Brenda Barros,43530427486,2122683502,1,23850760,Rua Paschoal Scavone 626
17577600407,365752692,Douglas Fernandes,497470815,2151812138,1,88511140,Rua Cavaquinho 1396
44483115464,250917205,Enzo Cavalcanti,67753673933,4992619388,1,26052230,Rua Stélio Machado Loureiro 1909Avenida Doutor José Jorge Júnior 589Rua Coari 1671
97397978061,81402573,Vitória Souza,616513490,2134676118,1,29161018,Rua Zacarias de Queiros 489
94975077710,466184876,Giovana Pinto,76291978200,2766855812,1,69075754,Rua Ary Fernandes 967
99874127775,751826838,Tomás Silva,731389570,9237754146,1,60531100,Praça das Hortências 233
30906700035,95774295,Rebeca Alves,40694523724,8556426185,1,70648193,Rua Padre Chagas 1346
11912090830,617318132,Maria Alves,480721441,6127305121,1,23590340,Rua 19 E 73
43244077382,734000824,Gabriela Oliveira,45735871059,2193206545,1,26033620,Rua Alberto Doreto Campanari 1522Rua Coronel José Nogueira Duarte 920Avenida Prestes Maia 336
68170660262,469230624,Luís Cunha,419297679,2129626184,0,83701230,Rua Nossa Senhora da Guia 1918Estrada Velha do Mar 799
85139905663,953042069,Gabrielly Oliveira,15846966159,4197704882,1,6705150,Rua das Laranjeiras 830
41614031940,471372589,Leonardo Sousa,160274904,1136368036,1,21921470,Rua Boi Piguá 72
15064302363,32417216,Sophia Barros,73231880724,2156679043,0,13056022,Avenida Rebouças 552
25556050880,718170743,Luiz Alves,761008937,1951975437,1,90843160,Rua Cajá-manga 111
41563355507,819480155,Luiza Araujo,58356053586,5191103985,0,78933290,Rua Salvador 1030
17232499205,194107610,Luana Fernandes,518218858,6972489866,1,12091840,Rua Angelina Credidio Ópice 1720Rua Iuna 11
79990038759,435727213,Daniel Silva,97362997341,1261013332,0,32553460,Rua Agostinho Caodaglio 1942
63161989228,385160335,Luiz Fernandes,936150527,3143862631,0,32665050,Rua Trinta 2
10426339835,12502215,Davi Melo,43525869391,3177582059,0,28909790,Rua Etiópia 99
22489154036,242610857,Mateus Costa,426293164,2243199872,1,89259210,Rua Auta Damião de Oliveira 1919Quadra QNP 12 Conjunto Q 1657Quadra QN 122 Conjunto 02 1700Rua dos Topógrafos 1355
86923601398,95698069,Aline Melo,63549962125,4727808787,1,30624080,Rua José de Alencar 1099
37682973730,119222697,Felipe Pereira,666673402,3145225507,0,68746480,Rua Paraibuna 1759
82139321960,72985866,Davi Azevedo,79344762397,9154522477,1,83504250,Rua Moscou 1723
96803472655,709819652,Vitór Martins,762701649,4131139956,1,72860032,Rua S 1183
31040260845,492760647,Renan Castro,6452675154,6195309141,1,19064010,Rua Santo Antônio 387
21547149949,803054809,Eduardo Lima,33696175,1859319621,0,15050670,Viela Ouro 590
57164159548,885797318,Marisa Rocha,85537586655,1726182915,0,26475320,Rua 119 486
23773970420,171278042,Leonardo Rocha,874233719,2132215453,1,45653260,Rua Menandro 1685
97807333375,884053507,Danilo Barros,69295535090,7363946141,1,14707092,Rua dos Economistas 1980
37367675109,229650923,Laura Pereira,649508488,1764834662,1,99051135,Via B 572
78213699343,406776271,Emily Souza,87150414346,5495463428,0,60710180,Travessa Cirlene 1090
63140209053,742964926,Kaua Melo,889746013,8578197804,1,29300510,Passagem Dom Pedro II 1455
54828834931,769661653,Maria Carvalho,68825315538,2826068257,1,13255370,Avenida Henrique Martelli 1895Rua Saul da Silva Filho 997
81827428970,21175878,Lavinia Sousa,676268033,1123996737,1,30250260,Rua do Grito 1330
38568928854,949768867,Alex Lima,69001306966,3150033605,0,9720250,Rua Cananéia 520
47143848212,375738674,Gabriela Cavalcanti,619569380,1195977180,0,15041040,Rua Três 1675
91882792602,280945185,Alice Cunha,34865007584,1741969442,1,11446070,Rua El Salvador 256
98909150572,136729281,Igor Souza,302126533,1336479945,0,21031660,Rua Álvares Machado 1647
20168181584,39811134,Camila Almeida,80105908447,2138417108,0,14404238,Quadra SHCES Quadra 0201 610
64519942519,451867900,Isabela Sousa,892402512,1644683114,0,6453018,Avenida Eduardo Gomes 1971
40842767584,900878805,Luís Castro,14756728975,1151346662,1,93310080,Avenida Água Vermelha 1023
13437578600,321876292,Aline Gomes,137005578,5159459821,0,74932380,Rua Guaíba 1508
58371388896,119266305,Sofia Carvalho,98489523857,6285004451,1,17505250,Quadra QBR 08 Bloco J 1453
34346476511,9087736,Luís Cavalcanti,933511498,1493318204,1,31365720,Rua Humberto Luigi Louisi 1729Rua Cauca Rafael Simão 989
23302901526,524661948,Isabela Castro,57026466956,3192236568,1,6040000,Rua Domingos Januário Balsamo 211Rua Dores do Indaiá 1444
10409068772,464442282,Gustavo Almeida,593393498,1197047695,1,86071050,Rua Berenice Moreira Marques 1284Rua Pastor Jerônimo Gueiros 1428Rua André de Melo e Castro 1158Rua Padre José de Moraes 253Rua da Imprensa 245
16696197532,867528074,Fernanda Silva,54527492441,4333917289,1,9413000,Rua Ilha Gonçalves 1826
93432828004,643296917,Caio Oliveira,581951958,1645284276,1,9820480,Rua Nove 618
32204637629,21213552,Carolina Cardoso,11996759680,1140513175,0,2358010,Rua Albert Sabin 1860
84920779569,283442128,Kaua Ribeiro,161189737,1147694246,0,13184400,Rua Mário Pinto 1705
73077682400,90296449,Breno Carvalho,80175628563,1993444693,0,81560470,Rua Isaías Cavalcante Veras 1826Avenida Pedro Bento 161
52312560801,558654239,Victor Silva,874038834,4171076365,0,85601840,Rua Quinze 1098
72835177078,656707305,Luís Souza,68572958557,4699527705,1,14804110,Rua Grécia 555
40082159211,174111434,Luis Ferreira,637028227,1634662874,0,51320690,Rua João Peletti 675
26801258001,538538721,Tânia Dias,3173073993,8138643606,0,13202230,Rua Erva-mate 1104
20584221800,503708383,Enzo Oliveira,81965288,1151365770,0,56320780,Quadra QR 110 Conjunto 05 427Rua Oswaldo Cruz 874
75559516490,995679494,Matheus Souza,72084385534,8766925243,0,26465020,Rua Eronildes Menezes Pimentel 1129Rua Domingos Trigueiros 1198
92262385610,191728237,Vitória Araujo,766674891,2199756461,1,17521560,Avenida Teixeira Barros 836
33251079581,131499541,Sofia Pinto,89573739435,1443319238,1,72231217,Rua Iperoig 473
34807910779,41364960,José Santos,858769957,6151804969,0,72304102,Conjunto Jardim do Sol 1188
89653137913,690585497,Alice Martins,76527272065,6121872993,1,79073016,Rua Felipe Camarão 1597
57978433668,12022328,Sofia Lima,747599424,6752407424,1,35501269,Caminho da Toca Pequena 807
40351362207,410243242,Carlos Araujo,86180274394,3788503407,1,75144690,Rua Quatorze 1669
99151555573,4309861,Vinicius Costa,851271612,6284436035,1,74958200,Rua Maria Pereira Branco 1592Rua do Mandi 902
90534606911,665588877,Kauan Azevedo,44268004856,6228806691,0,38041196,Beco Vitória 300
14999264307,371467491,Thiago Cavalcanti,496791495,3482577423,0,65072010,Rua Marcos Andreotti 717
46433490344,196494945,Livia Fernandes,96809767134,9879734504,1,7081302,Avenida Presidente Campos Salles 1152Rua da Esperança 1034
64077820154,603755802,Manuela Azevedo,996824445,1175898632,0,69097393,Rua João Antônio Soares 843Rua das Flores 30
15314385120,576114033,Estevan Ribeiro,52529833441,9267995855,1,9240060,Avenida Mascarenhas 1631
67291436141,836017043,Otávio Barros,569190578,1167136287,0,79043100,Rua Romeu Casagrande 583
11811997864,706457870,Tiago Oliveira,98609576954,6722927473,0,23042550,Rua Frei Caneca 841
89192648053,45915809,Felipe Melo,903636106,2173779216,1,41207620,Rua 2 162
64953559550,247844418,Marisa Melo,17966871330,7167202246,1,9974280,Estrada Villy Moelecke 655
96533007840,553830595,Breno Araujo,161242926,1141429163,1,14811530,Rua Santa Terezinha 1427
49432987370,541153920,Yasmin Correia,21177083882,1686108190,0,88706240,Rua Antônio Marques de Oliveira 832Beco Santa Maria 624
70118354744,88081153,Anna Gomes,265168786,4866786500,1,4217000,Travessa Véu do Templo 117
20327630108,265845456,Fernanda Sousa,68862307468,1159816393,1,14030218,Rua Carmo Bonifácio Costa 1600Rua Haiti 681
77360184991,834875688,Gabriel Rodrigues,613860318,1693404206,0,13178501,Praça Cacarauma 1250
70018836208,257808521,Kai Gomes,85491915331,1960355513,1,56509830,Rua Aratuba 594
66121252685,300701922,Martim Rodrigues,840195480,8742164245,0,79083645,Rua Geraldina Maria da Silva 677Rua Sargento José Pinto 1364Estrada Santa de Rita 710
89025643477,11905642,Anna Costa,61238518099,6757216486,0,70650210,Quadra Quadra 348 991
21983285005,670307796,Mariana Rodrigues,680580621,6171363233,1,78128000,Acesso G-Dois 970
33155598212,517346210,Sophia Sousa,38248695098,6584332908,0,8431470,Rua F 552
62784892360,173799276,Júlio Rocha,358847486,1149993076,0,85857580,Rua C-19 1094
85574833760,536436406,Rebeca Araujo,72429707203,4521328218,1,72594030,Rua São Miguel Arcanjo 1819
81651532850,967920045,Sarah Costa,722422408,6149774493,1,36047240,Rua Nassim Abdalla Saad 1074
50155335600,231845291,Douglas Barbosa,52823489933,3281556482,0,18606113,Rua Quatro 728
98597818930,44139269,Martim Azevedo,536399624,1456576439,1,18051070,Rua Duque de Caxias 1714
53800585316,241965243,Antônio Ferreira,35017748635,1527402734,1,35059190,Vila Nossa Senhora de Fátima 1633Rua São Godofredo 1099
65356076584,717489091,Daniel Barros,346444983,3355623421,1,35702088,Rua Alto da Bela Vista 883
95395856277,878565556,Kauê Cavalcanti,41115500183,3125378365,1,59020660,Beco Sumaré 505
49203792341,796532277,Paulo Castro,461358011,8426689700,0,31250610,Rua José Augusto Pedroso 144Estrada Soldab 657
86576538006,167093838,Larissa Costa,89491761741,3127927839,1,65051690,Quadra QNM 40 Conjunto A 1358Vila Batista 1646
68527254646,229244321,Samuel Sousa,854260649,9897173090,0,63041280,Passagem Nossa Senhora do Perpétuo Socorro 304Rua Quinze de Novembro 793
73381660802,4112736,André Souza,29724562475,8826432346,0,25050006,Rua Salgado Filho 1191
22277595420,752422445,Livia Barbosa,271034604,2131823780,1,13402317,Rua 745 711
44575073008,494206867,Vinícius Carvalho,61977410298,1996224595,1,60810060,Quadra QR 01-A Conjunto V 1583Rua Pavini 365
59822181973,888959596,Sarah Martins,611733011,8535625202,1,13236360,Vila Rocicler 1493
58800591388,33039923,Tiago Barros,42106779794,1199147892,1,5883090,Rua Augusto Carlos Bauman 1608Rua Joaquim da Costa Vargas 422Rua Escritor Lúcio Cardoso 1916Rua Santa Madre Beatriz Silva 929Rua José Luiz Raso 829
47658603619,836863256,Lara Castro,487932801,1176513283,1,75804340,Rua do Rouxinol 77
21219714160,504437452,Emilly Araujo,58211643131,6489706289,0,55614430,Rua Vergílio José Gomes 759Rua Cherpitel 1564
71312867965,55520436,Júlia Barbosa,579463914,8174496099,1,32340080,Rua Osvaldo Bottcher 1515
57672610597,814761411,Luís Costa,51428456873,3195849484,1,95030170,Rua Dona Maria César 139
73751484060,370433121,Isabella Barros,536484232,5447748485,0,82015650,Rua Lídia de Melo 1755
68116154516,523049949,Eduardo Cardoso,36719869315,4185413227,0,72302305,Rua das Figueiras 1849
32933259982,343855695,Bruna Martins,372003919,6182667838,0,17201590,Estrada Municipal 684
75155359384,1876022,Bianca Lima,284122109,1773497951,0,11370410,Avenida Brasil 276
78739354504,694083437,Cauã Ferreira,44467663,1175023200,1,8090340,Quadra SQN 112 Bloco A 388
62946078760,817244807,Carlos Correia,84159730305,1159093986,0,40279610,Rua Maria de Lourdes Ayres Moraes 1560Rua Guará 1622
61111635234,464031072,Martim Araujo,878347210,7168924799,0,5016000,Rua Macieira 755
74652930062,331174901,Joao Rocha,48980791276,1156052351,1,66918440,Rua Vinte e Cinco de Dezembro 1831Rua Luciano D Amore 839 
70061973254,109969711,Caio Silva,412614769,9197656665,1,18683480,Rua Vinte e Um 983 
62278909797,483645054,Bruno Barbosa,51292342841,1423605876,0,23020095,Viela Um A 1316 
31408851300,251342604,Emilly Silva,511213126,2129958108,1,35020720,Estrada da Olaria 1187 
85272098102,846889273,Matilde Almeida,58498435944,3342904254,0,24417140,Rua Itaqui 1065 
88226210267,850129740,Marcos Castro,568200406,2150663850,1,6535250,Praça Nova Palma 518 
26196823558,938227812,Tânia Castro,56186863654,1196389072,1,52131005,Rua Amaro Agostinho dos Santos 1193 
22850664570,188624191,Sofia Barbosa,524679125,8191547539,1,9271790,Rua João Romero 991 
50089838572,656163285,Martim Lima,68606090475,1147596982,0,11675000,Rua Carlos Zanon 80 
78131299708,928414848,Matilde Pinto,629903906,1229579781,0,41305045,Rua Edília Souza Lima 9 
65486930003,500606275,Melissa Fernandes,7946777367,7146383334,0,13181662,Quadra QN 308 Conjunto 02 1781 
61315725770,753617636,Vinicius Sousa,70507814,1930212428,1,54220660,1ª Travessa Antônio Tadeu do Amaral 311 
69570581581,691513958,Otávio Cardoso,30588642148,8189055223,1,40460020,Rua Manuel Ferreira dos Santos 1038 
26171415278,446749368,Kaua Rocha,332404103,7186875498,1,21625380,Rua Faustino Sanches 1167 
72875181718,77071765,Nicolas Castro,25756054957,2122037670,1,87504420,Rua São Damião 1599 
45058528304,425612350,Isabela Goncalves,213062535,4481592631,1,60852100,Rua Maurício Grabois 318 
53345857022,673063285,Brenda Silva,62342154083,8598465242,1,93490440,Rua Jequitaí 260 
83858733849,454293635,Leila Barros,646190290,5151042652,0,29160046,Rua Teófilo Treicik 548 
94819696149,690221149,Guilherme Cardoso,82647746131,2744807794,1,8830325,Rua das Papoulas 1179 
44668847143,24616237,Isabela Barbosa,880208610,1120843132,0,69030151,Rua Piquerobi 746 
78220838051,450854714,Mariana Pinto,41326347950,9246476649,0,5890480,Avenida Dom Sebastião I 787 
21189977958,778360203,Isabella Cardoso,442041904,1126914167,0,37502149,Rua Uvaias 1300 
67279274803,551302307,Carla Carvalho,53988683137,3548895306,0,86050040,Rua Sara Schuster 659 
15147086390,520198537,Carlos Azevedo,549636027,4322642943,0,91787460,Rua Desembargador Carlos Avalôni 1453 
47260411775,651783519,Murilo Souza,94875737588,5127227656,0,40279040,Rua Professora Emília Crem dos Santos 518 
73046860811,754274309,Pedro Almeida,922527462,7174546748,0,60752550,Rua Iraúna 792 
98253935722,827028617,Marisa Silva,18639871003,8529829799,1,60357010,Rua Màrio Agostinelli 1194 
32325583805,532377467,Luan Goncalves,119061315,8563833997,0,26450160,Rua Doutor Andrade Pertence 1373 
83795238307,133794866,Yasmin Pinto,92618375374,2158883142,0,72853348,Rua Presidente Venceslau 1278 
32360363700,802167221,Gabriela Almeida,912607315,6132484816,1,91230650,Vila Lucilídia 1570 
91302911350,286777982,Douglas Rodrigues,46485175153,5158566064,1,17209802,Rua Doutor Carlos Gomes de Barros 475 
34918080570,433033121,Gabrielly Pinto,427435776,1787258090,0,14781463,Avenida Padre Estanislau de Campos 982 
11712288130,436556662,Mariana Silva,75020358542,1774819412,0,6815280,Quadra QNN 06 Conjunto O 1317 
37989763923,59392452,Arthur Santos,702773970,1173028360,1,73814110,Rua Aurélio Francisco 1315 
76830449626,673018414,Arthur Goncalves,4639326621,6182336414,0,53090330,Rua Eduardo Ravaglio 517 
96938076340,740764822,Luiza Lima,41021227,8177382033,0,17605410,Rua Joana D Arc 1385Rua Miguel Pereira 1106
95780140405,781970234,Breno Fernandes,54997505359,1471885039,0,60040110,Rua Conquista 1343
75156682103,244246728,Sophia Goncalves,539517151,8537234133,0,21021230,Rua Saudade 1247
78014760182,389082506,Miguel Souza,37089487055,2157334753,1,41630360,Travessa Lisboa 1667
56861753572,21471706,André Cunha,397184787,7137593955,1,78903153,Rua Piquiá 1017
99168229305,304619744,Erick Alves,99895786939,6985939354,0,6717126,Rua João Palucci 614
41587084279,427213734,Ágatha Santos,936886644,1159124672,1,12334090,Rua Santa Tereza 1160
85142925602,212417089,Gabriel Rocha,27520512384,1255057025,1,72146001,Rua Stélio Machado Loureiro 5Rua Padre Pio 1845
74817877430,520025335,Isabelle Rocha,261662592,6170694748,1,60742830,Rua Messias Ramos de Oliveira 1551Travessa Coronel Amorim 1958
38650731406,325231067,Gabriela Barros,44425217780,8562675137,0,66630220,Travessa 11 1996
61356624308,900408619,Kai Martins,403511964,9167003611,1,65095640,Avenida Iromman Victor Garrido 1963Avenida da Teota 1567
57648354020,241146079,Isabela Lima,98401311741,9840457276,1,60352360,Rua Baltazar Barroso 129
98960166901,218341353,Maria Ribeiro,923344634,8535309984,1,60531840,Rua Francisco Felipe Xavier 650Rua Professor José Secundino 1288Rua Antônio Gomide 1200
90871978296,905267084,Rafael Martins,97401968963,8549787689,0,71727122,Caminho Itapebi 1666
51443636878,1295333,Victor Barbosa,979081613,6180799030,0,7192060,Rua Souza Guedes 685
56221223334,342128870,Júlio Castro,71822664336,1165473518,1,60355150,Rua Sessenta e Um 1464
27000550988,690825353,Vitor Fernandes,715095142,8524552831,0,8210590,Rua Sérgio Djalma de Holanda 1628Rua Padre Cícero 404
49479605155,40839373,Laura Cunha,31803960005,1178609063,1,97573100,Rua General Severiano 31
26765094466,386644874,Pedro Souza,351569812,5537136751,0,59069310,Rua César Bierrembach 1711
46838228653,337289241,Giovanna Oliveira,14097502842,8448753785,1,12031100,Travessa Florêncio Gatto 983Rua das Portas do Carmo 742
60462411621,75544001,Aline Correia,140889553,1268096984,0,30666340,Travessa Agenor Ribeiro 714
22447914679,111300019,Raissa Pinto,32603859044,3122767231,0,59067350,Rua Setenta e Um 1901
83916798537,559048174,Luana Santos,352097838,8489805374,1,14407553,Rua Virgínia 1608
98468733792,335051565,Giovana Melo,93538261600,1620548572,1,5726070,Rua Roberto Sandall 1144
48654306289,371778475,Isabelle Araujo,955970041,1175336879,1,13042820,Rua Camargo 1812
54213068790,304383441,Danilo Oliveira,82247523766,1973197019,0,50030140,Rua Ginseppe Sevegnani 990
95842002248,520186992,Rodrigo Martins,886655544,8133377988,0,31060370,Rua João Cordeiro 250
21441096990,375646438,Julia Correia,84705646378,3173135096,0,38182278,Rua Dalva de Oliveira 1167
54900221082,937690643,Cauã Fernandes,851477498,3443876843,1,7251300,Rua Maria Sebastiana da Silva 299Rua Espírito Santo 989
76247870167,699378792,Vitor Azevedo,5932274141,1138517781,1,77060152,Travessa Flora Ferreira 1157
61671550110,321982747,Carlos Castro,63707216,6361693531,0,70762010,Rua Horácio Steidler 63
37222067078,225717881,Rafaela Melo,13373903519,6158378841,0,18078647,Rua Francisco Bernardino 579
27092236517,136000276,Leila Almeida,171842931,1550787138,1,13035385,Praça Sebastião de Souza Figueiredo 246Praça João Cozac 303
40092190332,741287812,Luan Rodrigues,32252665490,1989038905,0,59120340,Caminho das Jaboticabeiras 167Rua Poeta Manoel Rosa de Oliveira 243Praça da Faxina 938
63361796300,236935156,Alice Almeida,381860713,8496549040,0,77804030,Rua 50 1992
24644251259,673014785,Julian Melo,97242308646,6377796757,1,2881090,Rua Lysis Brandão 1015
51054320020,531442033,Sarah Martins,960977660,1194683713,1,79612010,Rua Três de Maio 647
35079212519,394080405,Alex Barbosa,3371442351,6739584682,1,12704180,Rua Icó 638
78596322922,64490424,Beatriz Araujo,88785650,1259334306,1,4476630,Quadra 504 Norte Alameda 14 412Rua Mantiqueira 361
46044781550,895094518,Antônio Rodrigues,83195418729,1182183381,1,96205150,Rua Floriano Peixoto 474
97402877949,734515044,Tomás Goncalves,817247291,5335495247,0,96090450,Rua Odon Cirilo dos Passos 112Rua Cambé 1248
12696681104,319221638,Lara Castro,75943340416,5395044500,1,88061455,Rua José Tertuliano da Silva 1605Rua Pixinguinha 1010
15631709651,878468543,Manuela Melo,790001036,4834776359,0,8556450,Rua Naposeano Pedro Alves 116Rua Victor Meireles 234
87975904287,953457736,Douglas Rocha,47675944505,1139004357,1,86812548,Rua Helvécio Silva Araújo 22Rua Alcídia Castanho dos Santos 125Rua Bernardino de Campos 1534Rua Francisco Barbosa 365
65229927011,20843247,Livia Martins,403569601,4360344411,0,6753380,Praça Santos Dumont 454
98869378403,857583815,Julia Ribeiro,53279294101,1189343212,0,72306402,Rua C 924
78856167549,848068861,Daniel Fernandes,514060265,6173858772,1,41905200,Rua Toneleiros 1208
78756808402,89124154,Joao Pinto,25571168962,7126587249,1,3758060,Rua Ferro Centro-Oeste 383
29369723617,606128897,Nicolash Ribeiro,201138627,1162036557,0,17607330,Rua Paschoal Bernal 1054
89778658242,175547268,Júlia Castro,87752777934,1487924080,1,26112260,Rua Quatro 979
46619496849,345001482,Victor Pereira,862862414,2183363266,0,23064090,Travessa Vasco da Gama 1181
24617805281,889280620,Thiago Martins,18155490936,2166864724,0,31230590,Rua Padre Rodolfo 185
43979311600,79457784,Julia Dias,196333653,3149147087,0,82310290,Rua Paulina Belani Retucci 44Rua Sérgio Cardoso 739
84000707396,33846511,Nicolash Cunha,71254731478,4131832740,1,3202010,Rua Vinte e Cinco de Dezenbro 1346Vila Santa Tereza 611
65376618706,810939635,Livia Ferreira,788740212,1187859312,0,1520040,Rua Eunice de Carvalho Moreira 294Rua Goiás 496
62380365679,10131817,Lara Cardoso,10365508632,1182988310,1,23052420,Rua Comendador Querubim Uriel 1061Rua Luiz Corrêa 701
71993134387,622983321,Joao Oliveira,103482181,2150488389,1,79032305,Parque Residencial Tenoné 1916Rua do Cálcio 1967
38907270007,125006201,Kai Santos,96885433172,6796765116,0,49027310,Rua Oscar Mesquita 1457
73160491110,472674061,Carla Barbosa,901115978,7934784688,0,78150068,Rua General Dantas Barreto 1725Vila Manoel Monteiro 1604
73447126795,293940877,Mariana Lima,54537591641,6546244779,0,16203046,Estrada da Floresta 255
84198102236,673610369,Lucas Alves,589572725,1828134683,1,79035210,Rua Jundiacanga 1097
97837454847,972374469,Marina Cunha,74017541017,6758992891,0,22775046,Rua Panamá 546
75349022075,663032179,Letícia Rocha,786994759,2189386853,1,4549020,Rua Genaro de Carvalho 1984
86405534405,713698772,Nicolas Alves,967127,1150506036,0,78975225,Rua Cinco 1632
74408610941,823321490,Thiago Ribeiro,7542815,6987799316,1,66065057,Alameda Polimia 701
56153277667,311214645,Luan Barbosa,91006601376,9194383821,0,57043050,Rua Maria Morena Gomes 169
42145035621,794703988,Felipe Pinto,958893605,8290237655,0,3590060,Avenida do Baião 871
37581718492,740336673,Laura Pereira,75801183574,1149147747,0,72220075,Rua Porto Ferreira 426
13754955187,271528295,Vitória Santos,741291946,6160312605,1,89216380,Rua Ida Luchesi Gomes de Camargo 1839Rua Janaina Samantha Aparecida Veloso 493Rua Tupis 1007
70594700507,176584181,Emilly Dias,87260906750,4752572720,0,83070130,Parque Santa Paula 1379
20459280554,52045395,Rafael Cunha,891666468,4129228481,0,57314280,Rua Tuiuti 161
54096087980,82352085,Brenda Sousa,45027803770,8226963358,1,60760070,Rua Danilo Panegaldo 1447
39382966072,400504887,Kauan Souza,450218738,8538938468,0,91370330,Rua Francisco de Paula Guimarães 1187Rua Copacabana 620
81948759195,812102287,Julian Souza,98851035262,5195718836,0,25025050,Rua Cândido Portinari 925
26622513368,777596455,Raissa Pinto,975872359,2134932387,1,35901095,Travessa da Liberdade 1096
88500186143,511578377,Ágatha Cavalcanti,12297124358,3184089469,1,65076470,Rua I 1342
40205816657,638855316,Matilde Carvalho,118281955,9836752871,0,14094172,Rua Presidente Médice 1361
42805151828,781655547,Letícia Castro,47744262392,1661014705,0,69033840,Rua Professor Tostes 404
15557897496,364130558,Sofia Cunha,431777674,9291909204,1,9121670,Quadra EQNN 03/05 Bloco B 1717Rua Doutor Romeu de Oliveira Matos 1167Rua Xavier Câmara 897
56846887482,4792894,Vitoria Cunha,63873266343,1126006380,0,38400386,Rua Rafael Fernandes 2
53230925483,454077441,Lavinia Barbosa,670950759,3482483508,1,9351270,Rua Paulo Aragão 1820
95571049960,360139097,Caio Souza,92143542292,1144893065,0,65077610,Avenida Sávio Cota de Almeida Gama 1261Quadra Quadra 005 554
22165373301,538083635,Luana Costa,945893815,9828638755,1,74483610,Quadra 401 Norte Rua 3 A 447
13759621244,792126524,Sofia Azevedo,75396830136,6250474489,0,12244392,Rua Silva Jardim 1360
34242946244,540180674,Gustavo Souza,774701311,1257128669,0,40740540,Rua Doutor Sílvio B. Vares 142Rua Projetada Seis 801
86663052667,236231682,Gabrielle Barbosa,9731215619,7196018060,0,8430660,Rua Lambari 1921
95280789070,53562229,Evelyn Araujo,96241657,1196006892,1,35701165,Rua Silva Alvarenga 1426
95770951788,644280719,Ryan Fernandes,29023787307,3152788127,0,38700078,Quadra SQS 415 Bloco P 1808
79634659683,245687662,Beatriz Pinto,257582869,3471015481,0,81330130,Rua Cassiano Ricardo 1678
80816241120,976039706,Beatriz Silva,30750105469,4183996682,0,44032200,Rua Rotary 248
69030600900,985225993,Kai Silva,312313113,7585812823,0,84073330,Rua Franklim Sampaio 348
15055739398,865015062,Thiago Cunha,11013537014,4284713496,1,18072650,Rua Romualdo Bezerra da Silva 1658Rua F 571
63789734900,238850598,Ana Pinto,139181730,1555803571,1,86083180,Rua Gislaine da Silva Vilela 294Rua Dona Aisa 613
68059837974,374412169,Marcos Carvalho,16307624953,4324847017,1,4851512,Rua Canavieiras 408
84299014936,99620725,Livia Pinto,141152984,1149099093,0,22290040,Praça Monsenhor Rafael de Barros 1780Rua José Pereira da Rocha 1777Rua Maria Rocco 619
89446219426,614186799,Luiz Alves,77951927552,2167629948,1,5892350,Rua Nicolau Severiano de Farias 1154Rua Luísa 1193
46988641190,977087899,Evelyn Correia,793396242,1172914864,0,2844041,Rua Teixeira Marques 1854
60754825396,643275223,Marisa Cardoso,99078801000,1148846266,0,40026290,Vila Miralta 1882
85536933256,973618412,Joao Sousa,931448454,7135696085,0,24426545,Rua Gabriel Cnkovic 1980
55180686547,205271423,Vitor Silva,9894032191,2128774801,0,35703332,Travessa Expedicionário 272
17411043940,693736705,Kai Barbosa,41028145,3181117269,1,38080610,Rua Cinco 976
87847349302,325910785,Luís Lima,83494822015,3498863157,0,11030530,Rua Trinta e Cinco 1801
93019537142,214480690,Leonardo Cavalcanti,891937125,1156056811,1,9682100,Rua Dois 219
55821066263,694269064,Joao Fernandes,81515311136,1154332753,0,89267030,Avenida Emancipação 1470
72823387366,867215050,Thaís Barros,836276588,4799478732,0,6182120,Quadra QNM 23 Conjunto M 468
31014543444,488265973,Vinicius Rocha,57699254090,1141956155,1,26115191,Rua Joaquim Pires 1125
67320114488,212033665,Rafaela Lima,505229813,2166394388,0,54170500,Rua Durval Muller 1214
94792171806,941330963,Breno Melo,66299918584,8176584902,0,75806063,Rua Marilene Medina Carone 700Rua Waldemar Alves 1745
63548877486,513242505,Leonor Goncalves,674630956,6461738558,0,24412510,Rua Rafael Ielo 363
97147776151,26000469,Carlos Melo,37819695444,2143619060,0,18206630,Quadra QR 412 Conjunto 02 803Travessa Barranquilha 1552
88169460913,515044377,Carla Pinto,380365005,1597485317,0,2918130,Rua Pedro Augusto Ariano 1872Estrada Cariris 1597
52419350537,894503094,Luana Pereira,11040095874,1193804728,1,13087779,Rua Frei Serafim 1337
87339360999,340332510,Miguel Lima,193101246,1989763854,0,14075279,Rua Alto da Macaíba 345
75205029889,215779817,Brenda Cardoso,2585691922,1675833053,0,12092521,Rua Álvaro Paes Leme 1461
85143947979,104639127,Otávio Rocha,86640276,1275412977,0,64077460,Rua Artur Luís Correa 337
77261056073,474830558,Breno Goncalves,97827858506,8650978106,1,23545440,Rua Baturité 151
87836298744,76856211,Murilo Goncalves,969927970,2174894645,1,72872434,Rua Kalil Filho 417
69838736457,143756509,Fábio Rodrigues,96180762017,6172603843,1,36773541,Vila Ubiratan 662
49120085400,762026098,Pedro Cunha,934167224,3264253088,1,89201030,Rua Fernando Menezes de Góes 1425Rua Prado 309
35445354598,457661810,Erick Fernandes,76627170314,4775623671,1,78920400,Rua Tapajós 450
96552373627,338944783,Estevan Araujo,732177686,6921699255,0,77006586,Rua Delian 217
32714016162,50894344,André Cunha,26322580548,6337879479,0,9910370,Rua R 1294
69039605203,602585959,Júlio Correia,278995487,1135373557,0,65044430,Rua Luiz Maroni 1110
42769355473,809645555,Luís Ribeiro,21147117590,9822734648,1,36202750,Rua Luiz Armani 662
26733298112,359873025,Aline Oliveira,201180433,3289627653,0,9163493,Rua Gemini 1904
55923280604,688948327,Igor Costa,32280434073,1195979932,0,53415200,Alameda do Pequi 140
79191078148,548138851,Leonor Ribeiro,385373054,8128922150,1,8580230,Rua Trinta e Três 1343
10335461786,536701166,Gabrielle Dias,29233932791,1160369176,1,86191340,Rua Miguel Comitre 206
73254918401,383932617,Anna Alves,235648629,4329303682,1,88101170,Praça Marcos Santos Rodrigues da Silva 1809Rua A 978
26908439860,292744146,Estevan Cardoso,50888566101,4865825270,0,14409365,Rua Gois Raposo 126
24295459003,59845801,Rebeca Almeida,552422824,1691435206,1,13312794,Rua Otacílio Gomes 920
14255027501,993867463,Martim Barros,74914402472,1164114497,1,18114070,Praça dos Pioneiros 1638
43535283191,877177742,Tiago Santos,722193376,1554859882,1,81825230,Rua Tupis 1475
49920002151,949095556,Antônio Souza,93476647496,4162737541,1,69304001,Rua José Leonardo de Barros Guimarães 1905Rua Irma Esther 517
29429035207,720111436,Nicole Barbosa,944167445,9569402613,1,60543640,Rua Eugênio Félix 1176
51097134563,146008187,Daniel Rocha,62645933054,8576382913,0,16056330,Rua Tabor 1823
13017618501,763505777,Júlia Carvalho,610706328,1823219604,1,32682300,Rua Pacatuba 739
38602107005,244335152,Tânia Azevedo,40937565044,3191753392,1,18087520,Rua Dilermando Pereira 873
66983714679,595328845,Martim Carvalho,475395356,1549904650,1,13481634,Rua Andrade Bezerra 237
85999668042,958191101,Paulo Barbosa,19523939081,1935673184,1,40286480,Rua Topázios 1580
36210949703,10905950,Bruna Rocha,186098742,7192718455,0,60764210,Rua Engenheiro Osvaldo Nascimento de Lemos 149Avenida 1 152
30666463352,432298330,Pedro Carvalho,418175169,8548642014,1,15051085,Rua José Francisco Chaves 857Rua Amélia Xavier Sampaio 1686Rua Mário Antunes da Veiga 1730Rua Trinta e Seis 1972
91645845346,289948846,Luan Azevedo,15178088,1746239827,0,6719350,Vila Globo 1636
23205825926,967506930,Alex Alves,77782063112,1183728615,0,36771402,Rua Jorge Akel 743
41745434100,3048629,Luiza Rodrigues,753891843,3268073458,0,37505012,Travessa Cinco 798
36802387387,798861561,Emily Carvalho,49472272907,3565859460,1,37505400,Quadra Quadra QR 316 Conjunto B 279Praça Alastair Quintas Gonçalves 1604Rua Doutor Floriano Paulo de Almeida 1898Rua Cardeal Sebastião Leme 1422Rua Waldemar Farinhas 883
85432867435,366745429,Giovanna Rodrigues,473271158,3554222798,0,78058681,Rua Borja Castro 1115
44630358722,775995223,Ryan Carvalho,5483174173,6521009626,1,13024470,Rua Aristóteles Braga 1921
26300354172,923663426,Danilo Cunha,42017552,1972737215,1,52211390,Rua Eny Alves de Souza Leite 1751Rua Padre Manuel Barreto 1244Rua Sessenta 576
91881120040,263022674,Mariana Ferreira,98969913678,8176573156,0,66820060,Rua José Dutra 994
30843816406,176424570,Thiago Costa,938539998,9178616399,0,8490005,Rua Antônio Migliori 40
60227091990,562158691,André Carvalho,38062444963,1138165907,1,12514080,Rua Chaves 1468
12885806737,343767944,Eduarda Araujo,392952712,1231054683,0,4356050,Rua B 87
71124071849,71859149,Júlio Lima,26663186809,1186449158,0,25660390,Rua Ezequil Pereira 553
12352904927,205877297,Cauã Carvalho,284552278,2432808764,1,25615090,Rua José Bento Pereira Martins 1229Rua Coronel Oscar Rafael Jost 677Praça João Prado de Almeida Pacheco 1802Rua Panteno 78
46194627131,282328431,Gabrielly Rodrigues,95361798418,2493506269,1,4950150,Rua Henrique Martins 116
63410478000,328068829,Diego Rodrigues,985700972,1192414557,1,9351110,Rua O 217
63880109460,153743990,Alex Pinto,20444758939,1150293626,0,65061400,Rua Vereador Elberto Madruga 333Rua Castro Alves 1331
70261162900,168024317,Luan Silva,281128010,9888085824,1,13402818,Rua Vinte 1665
12996626842,884943256,Arthur Souza,9318113589,1922039881,1,6794080,Rua Nova Esperança 1615
93952463086,114518144,Nicolas Rocha,16936966,1134172012,1,57313280,Rua 12A 1975
77231598978,393136158,Luana Alves,90514124100,8259985856,0,59135200,Rua Berlim 641
45695317339,958558174,Julia Araujo,987873665,8446094601,1,60761060,Rua Alarico de Lima Cabral 431Quadra QA 020 377
64241064051,929092271,Letícia Alves,9063277621,8599728016,0,13208030,Rua dos Lírios 415
58084461397,792414812,Kai Cunha,72963024,1128492384,1,12329059,Passagem Piauí 1266
72541427093,111532138,Eduardo Ribeiro,79751410565,1245916483,0,17601030,Praça Professora Alzira Ferreira 145Caminho dos Picos 878
78236507467,202681421,Kauã Azevedo,706626503,1423743582,0,66822280,Travessa do Cajueiro 1047
48727013642,878561859,Lavinia Castro,72105715810,9169782668,1,97015663,Rua Santa Eugênia 312
56455403444,675598620,Fernanda Cardoso,741557040,5593155966,0,7081020,Rua Lourdes Lourenço Martins 1011Praça Igaratinga 1095
55521118772,65935056,Gabrielle Martins,32661816977,1174625759,0,80540040,Rua Manoel Benigno da Costa 535Quadra 23 781
30311830455,67953867,Victor Barbosa,357002657,4145099681,0,11462230,Rua N-021 1925
86901939280,28020159,Júlio Melo,86708103895,1320099698,0,40140440,Avenida 31 646
42542199540,214343277,Kai Cardoso,867091781,7145789856,0,78110308,Rua Nossa Senhora das Dores 1561Rua Artêmio Magagnin 1344
81917263864,475402,Arthur Goncalves,39500187064,6560364748,0,31550105,Rua José Firmino do Nascimento 109Avenida Carlos Lindenberg 1173Largo do Arroz 434
32926452713,21048897,Bruno Cunha,347395349,3120243993,1,68557357,Rua do Meio 1811
28025646254,166885514,Leonor Castro,99925421683,9443486953,0,68906480,Rua São José da Serra 1695
43701119600,637796745,Alex Pereira,907070558,9685944220,0,72225532,Avenida América 1663
19824863761,212008302,Luiz Barbosa,12961972533,6168515458,0,3729060,Quadra Quadra 01 Conjunto K 430Avenida Alceu Paiva Arantes 919Rua Coronel José Martins 309Rua Cambira 390
47009820120,874336068,Miguel Santos,131168556,1174186118,1,88103015,Avenida Marginal Direita Ribeirão Anhumas 630Rua Belarmino 1488
62431920593,191465626,Kauan Sousa,69725885756,4856895432,0,23032600,Quadra Quadra 25 1688
36965217103,555538812,Rebeca Lima,685122816,2171708100,0,60331590,Travessa Luís Antônio 1023
90430693109,727464481,Matilde Silva,21140837841,8590128742,0,27283526,Via Local F 245
55405232025,744581479,Samuel Castro,241031314,2472877204,0,72705050,Rua 17 639
86330057516,217767264,Júlia Fernandes,82215583607,6127635869,0,77001674,Rua Leontino Cunha 1210
15865186159,209708726,Brenda Santos,825861122,6396889367,1,58103280,Quadra QNQ 05 Conjunto 11 524Rua Carmen Sílvia Rodrigues Baptistella 1397Rua Petronila Botelho 211
90063418940,407473124,Vinícius Castro,29418160873,8346234608,1,97575020,Rua Mestre Totó 137
21335441603,535901852,Vitória Cardoso,243131851,5565074436,0,23550135,Rua Luís Stolb 610
88934043466,253448296,João Costa,49257919005,2189185171,1,2612180,Rua Crescêncio Batista 1257
97898179676,734224515,Isabela Barros,464676752,1141403401,0,13061244,Quadra QR 504 Conjunto 02 1994Escada Monte Sião 1377
19320452601,18708746,Anna Cardoso,49766480069,1960057236,0,70298160,Rua Astrapéia 727
33879637261,333528833,Tomás Gomes,493170858,6174812239,1,13474545,Rua Dona Andréa dos Santos 1790Rua Professor Germano Timm 524Rua Piritiba 654
65111837698,616458543,Leila Gomes,60681398244,1960833841,0,75140550,Rua Vilela 150
99141457790,599095030,Sophia Oliveira,682913108,6281803926,0,4055080,Avenida Ezequias Bezerra de Farias 549Travessa Gino 954
32006439863,567679735,Beatrice Carvalho,28784598891,1148905299,1,58079667,Rua Alcides José da Silva 1718Rua Plutônio 117
60629570531,960299032,Gustavo Ferreira,216959235,8356402815,1,69911340,Rua Antônio Dias Cardoso 392Viela Ângelo de Branco 771
72923597524,99063622,Matilde Rocha,6561752499,6869959203,1,13056115,Rua Sebastião de Freitas 177Rua Arão Adler 1492
51855998980,529326820,Bruna Lima,35513127,1985138186,1,26480060,Travessa Manoel do Carmo 672
83167481269,673129510,Yasmin Ribeiro,8393269777,2197419076,1,45996390,Rua Pitangueiras 593
24517733165,715856174,Enzo Melo,14710018,7337384657,1,58300160,Rua Duartina 281
21303477700,606981822,Fábio Oliveira,3998504618,8394926872,1,13482240,Passagem Paes de Souza 1896
16685566264,40733822,Antônio Melo,27922899,1976299922,1,11349370,Rua Severina Lindalva Soares 756Rua Quarenta e Sete 78
29381876452,206577417,Tomás Costa,48535214016,1129749102,0,88134290,Rua Raimundo Pordeus 1257
25036612116,686550131,Manuela Rocha,478445342,4879807284,1,4424030,Travessa Itai 86
68956053715,565752506,Thaís Gomes,41356591718,1155966229,0,13485135,Rua D 1502
41965462693,888309943,Alex Goncalves,455973303,1980692412,1,60360080,Rua Irma Adamatti Canali 620
19791410291,991768645,Vinicius Dias,37298185491,8534304389,0,13575330,Rua Kingston 941
67262991922,291540502,Kauã Fernandes,319582351,1668279941,0,99010460,Rua Marilena 798
29461411600,378329942,Larissa Rocha,27136967382,5433574525,0,14403575,Rua Maria Cândida 406
99032867750,51448941,Anna Martins,221010129,1631678960,0,8587803,Rua Inglaterra 1052
88398364629,623233247,Nicolash Goncalves,71126052901,1179047435,1,13485296,Rua Alfredo Gomes Areias 1261Rua Serra da Moeda 1247
68946779721,688281546,Beatriz Correia,752004173,1938979794,0,8570002,Rua Maria Augusta Couto 1952
71917130899,988285273,Beatrice Alves,34702616286,1186398368,1,72215243,Rua Paraíba 788
76140384281,580305945,Matheus Castro,390860485,6167149550,1,58028110,Rua José Pedro Saad 1833
59899835498,418233144,Kaua Pinto,53352616496,8399069374,1,13632212,Rua Levi Eshkol 1649
18698255515,223793038,Leonardo Rodrigues,570423086,1964584564,1,79084302,Rua Municipal 1543
15827856860,39023524,Amanda Sousa,66089946486,6723472853,1,75534090,Rua Musico Luiz Edilson Profiro 1665Praça Antônio Romano 512
81086088808,171730243,Leonardo Gomes,693706515,6436958555,0,5652040,Rua B 13 445
47388449973,731313369,Daniel Silva,27861116316,1183358953,1,72320102,Rua Professor Álvaro Silva Araújo 617Quadra CLN 412 Bloco E 1482
21693272407,366866739,Martim Barros,286118801,6120067046,0,21850440,100 Conjunto J 1560Rua Segundo-Sargento Geraldo Berti 
74171153069,312289935,Letícia Rocha,16252334372,2126264366,0,16402149,Rua Trovador Gumercindo Saraiva 111Rua José Lima 1349
36137386600,258860303,Beatriz Goncalves,194597578,1923928311,0,12949062,Travessa Graziela 383
96350501519,262870041,Kauan Oliveira,65944843942,1156736079,0,65604340,Avenida Dez de Novembro 1119
26779911526,422431176,Marcos Pereira,603653662,9974662536,1,53160460,Rua Feira de Santana 464
14207255214,995650321,Júlio Azevedo,45121239436,8161495233,1,4849070,Rua Alves Branco 1198
86587826709,477495711,Breno Costa,483979155,1170553217,1,27285020,Rua Eugênio Marte 1218
33064102508,590291087,Letícia Santos,21048060509,2439254669,0,32187260,Viela Ibo 321
28611957466,993869413,Enzo Cavalcanti,245609578,3142498213,1,6820070,Rua João Amacecks 1958
62010759761,324268548,Pedro Gomes,48621663877,1120197257,0,60355100,Rua Everest 1360
32765158223,756213553,Livia Santos,497766014,8566682856,1,41810700,Rua Manoel Pereira da Silva 516Rua Vila União 436
98111366965,728862978,Manuela Gomes,31732060943,7146964608,1,54480450,Rua Doutor João Dutra 1643
19063641095,557806336,Alex Oliveira,372920157,8190204423,0,79645270,Praça Helena 783
54071002077,577391513,Lara Gomes,10751308944,6744375522,0,74920640,Rua Atecla Fratucelli Lopes 1547Rua Benício de Souza Ramos 78Rua Augusto e Sousa 286
34905684781,143830888,Kai Pereira,157886444,6253674086,0,78058638,Rua Paulino Silva Maia 1429
36613218626,25131159,Bruno Alves,74558239365,6574735765,0,16204376,Rua Auxiliadora 448
14758985332,669755301,Douglas Gomes,727792090,1839555224,1,29900565,Rua Antônio Avelino da Costa 1702Rua João Bianco Sobrinho 1119Rua João Marinho Campos 1902Rua Flor das Almas 945
41367587310,643180777,Sofia Santos,52415979613,2736582083,0,74665270,Rua Doutor Mariano Antônio Alcântara 623Rua Emílio Angelino 103
18428447845,374940815,Samuel Martins,503794695,6267486886,1,39400268,Alameda das Crisandalias 293
31329063872,28040838,Erick Almeida,35153740309,3868255804,0,78090422,Rua da Felicidade 1359
89751360196,70614413,Renan Carvalho,375793346,6597575170,0,8561420,Quadra SHCGN 711 Bloco G 341
57662004635,272493403,Larissa Dias,59741522923,1178973225,1,5574480,Rua Fábio Rusch 28
16033188446,112871330,Sofia Lima,534762221,1175585612,0,84036145,Estrada Theofilo Teodoro Resende 1191Rua da Concórdia 1855
11810514959,659144804,Aline Santos,21221592417,4245023699,0,4182000,Rua Vergueiro 726
32102675882,984383504,Larissa Ferreira,279517219,1146297351,1,2840120,Rua Álvaro Rodrigues 1083
10286725517,825473695,Erick Dias,29795947685,1141052588,1,37501346,Avenida São Paulo 467
86720559931,158850486,Leonor Almeida,235814044,3551785480,0,26140335,Rua Lago Mandioré 1506
20865924007,268737380,Nicolash Melo,4080321909,2132784213,0,18304340,Avenida Guanabara 1468
23226379984,375782885,Enzo Ferreira,37906231,1574543538,0,6086080,Rua da Esperança 1824
80210667257,143096462,Pedro Costa,43515742421,1137124888,0,8253680,Travessa Rio Grande 873
83802388429,970968257,Sophia Lima,450074219,1152558675,1,32210610,Rua Cônego Américo Pita 1785Rua do Café 187
87475853900,968341074,Thiago Oliveira,93556009590,3123767149,1,40295540,Praça Washington Carlos Marques 620Quadra Quadra 030 955
97366763314,611151547,Kauã Araujo,910197900,7132435852,1,75709282,Rua Piraiba 1725
27655206902,138977506,Manuela Rodrigues,76967635871,6454213574,0,54774200,Rua Cinco 516
47376262105,845104582,Rebeca Oliveira,702211888,8165252184,0,79102110,Rua Gaspar Ferrari 167
43589363690,882319318,Sarah Cunha,94543955853,6741163709,0,13100478,Rua Antônio Sobral 679
19385815474,643874280,Mariana Rodrigues,981004411,1964617113,0,72872016,Rua Turmalina 879
51895497639,961584785,Leila Correia,62114442964,6199662833,1,4814450,Rua Itinga 1362
89686576100,366747940,Otávio Araujo,699606192,1158603013,0,51170220,Rua Padre Manoel Vieira 641
49769427322,335504484,Lucas Castro,25807808327,8136654201,1,94410225,Rua Quarenta 211
56280364208,902178284,Júlio Dias,269835429,5175714657,1,38412722,Rua Maurício de Nassau 1641
69955209801,339287806,Bruna Costa,60034880211,3459469730,1,60110050,Rua Arquimedes Cerenza 1144
47555105624,691803054,Fábio Rocha,629490529,8552423694,1,38183364,Travessa da União 137
41290906661,975318950,Luiza Dias,16821896967,3478988753,1,94140250,Rua 13 101
38295791443,787170206,Júlio Alves,171130722,5155715462,1,72546602,Rua André Luiz 1166
35963205930,311974766,Danilo Barbosa,52995532630,6194386312,1,3688150,Rua Amaro da Costa 54
98106538249,560030156,Caio Dias,598897169,1155456766,0,2358140,Avenida Monteiro de Baixo 1187Rua Maranhão 104
70735377014,410857897,Luiz Goncalves,98708656281,1185233275,0,24736295,Rua Seis 197
10739340638,526027182,Luiza Barros,929898917,2191595421,1,89035054,Rua Timbiras 167
53751794743,441879978,Letícia Melo,74000806452,4769212469,1,8223340,Rua Honorato do Espírito Santo 216Rua Soares Caldeira 1015
15072458156,584229737,Luiz Alves,739164697,1172173202,1,36037010,Rua João Silveira Prado 1531Rua G 763
62675256781,874717707,Mariana Azevedo,70606843267,3237984684,1,4930180,Avenida Dois de Novembro 1905Rua Radialista Rúbens Chagas 1397Rua Direta da Palestina 922
53488833526,270032985,Tânia Pereira,740820767,1125274518,0,3590080,Rua Mirassol 531
24831989703,319070592,Nicole Goncalves,14161132543,1149233382,1,56312305,Praça dos Lírios 637
40281127611,922333033,Marisa Martins,131816191,8773226779,1,38706208,Rua Tuim-santo 821
81317046102,681086872,Giovanna Rodrigues,34848185492,3488206091,1,8545090,Praça Marechal Ancora 93
73947113587,561674214,Erick Gomes,336224994,1164743139,0,69040440,Rua Coronel José Pedro de Carvalho 1972Rua Jaime Gomes 1861
38908787763,332524032,Ágatha Fernandes,13883105109,9247233962,1,95043530,Rua Gebran Kalluf 93
20846599902,740858201,Gabriela Rocha,181325330,5493329942,0,13970455,Travessa Dois 662
88093685502,326877285,Diego Castro,82499825723,1927392962,1,14706138,Avenida Pedro Strini 938
52619576644,360354594,Sophia Araujo,872596425,1763847091,1,96820010,Rua Arcidônio Tamanini 1745
12103470087,178328936,Matilde Silva,17731110453,5187236669,1,17211255,Rua Duque Bacelar 292
62896107169,536992556,Carolina Correia,121724743,1799514734,1,4859020,Travessa Aris Kodjaian 1623
68365278316,335695017,Vinicius Cavalcanti,66206982664,1158706921,0,4504000,Avenida Martins Pena 20
64222357987,428990243,Anna Ferreira,651126073,1159413578,1,44032820,Rua Trevo 1479
10794421628,565832981,Gabriel Pinto,5400260570,7556716025,0,96075220,Rua Adib Jamal Soubhie 1974
89859532907,367649484,Lavinia Costa,46018573,5385126429,1,13271020,Rua Eurico Pereira Pena 950
84833128756,655732554,Douglas Alves,54453235355,1947837002,0,13176319,Quadra CL 103 516
16051212825,647243493,Julia Alves,572056503,1996182404,1,60810440,Servidão Guanimbé 994
19337335000,360543150,Alex Lima,30519368524,8534982170,0,61925230,Rua Conceição 594
13597927912,94009371,Sophia Rodrigues,374584163,8570462754,0,92120060,Praça Barra Dourada 829
17910313071,28583791,Rafaela Lima,37620831604,5192884635,0,29070870,Praça Trás-os-Montes 362
46908464644,142674933,Yasmin Lima,328532202,2738813145,1,73751220,Rua Ibaré Caetano 118
60616461607,684818830,Martim Cardoso,36272641920,6172972775,0,38182294,Quadra QC 03 Conjunto 02 651
29672491654,952222668,Estevan Fernandes,327989432,3497647336,1,67030116,Avenida Osvaldo Cruz 162
19308181490,404212438,Mariana Gomes,79318121002,9157262260,1,43820410,Rua Lúcio Santana 987
81340423170,731743423,Manuela Pereira,771341530,7188626171,1,20531290,Rua Hideto Kadota 1114
93002248240,247818042,Gabrielle Castro,81212731526,2134357153,1,53110461,Travessa Cristã 642
48305401685,880993113,Gabriel Araujo,860453334,8133525148,0,26280290,Rua São Benedito 1218
60913840661,838331202,Lavinia Cardoso,61971265205,2183622493,0,38410088,Rua José Pereira Barreto 1862Rua General José C. Neves 89Rua Custódio da Silva Júnior 792Rua das Carmelitas 687
53439460975,178052185,Carla Castro,655941521,3492744383,1,41830290,Rua Caruso 636
98573306220,62833162,Fábio Alves,8582233763,7161028207,1,58079500,Condomínio San Diego 1591
31246123290,670958095,Miguel Goncalves,13723189,8328058842,0,73751323,Rua Severino Artigiani 1141
19536403625,207234332,Igor Pereira,6199452551,6121428864,0,75094260,Travessa das Pedrinhas 1564
88701050320,960324375,Manuela Oliveira,28952492,6285377988,0,13501140,Rua Sol Nascente 1942
76136658526,11205878,Diogo Ferreira,78529232738,1922749760,0,49055480,Rua Bacurau 1366
77671556416,760581382,Yasmin Barros,789533028,7958504138,1,93125430,Rua Professor Jacir Madureira 399Rua Francisco Marques Sopa 16Rua Pará 1841
81871703018,722144510,Rafaela Ribeiro,31689439822,5170579538,1,59139550,Rua Piuí 493
60194747123,696390829,Anna Ribeiro,377866429,8474502045,0,29111885,Rua Professor Almeida Leite 40Rua Thereza Gislon 1946
59680528138,875301757,Victor Rodrigues,68976102373,2789096584,1,3343015,Rua José Melani 1923
87817761280,464092511,Leila Lima,695846704,1126192605,0,8571845,Rua Erothides Gonçalves dos Santos 1091Travessa Zequinha Alves 1883
87222782303,818063515,Brenda Costa,34505161968,1134553674,0,78148138,Rua das Flores 1054
94696208958,468307250,Vitór Goncalves,350250496,6536842932,1,38067130,Rua José Zamboni 1779
35222203905,616030274,Beatrice Souza,47951875643,3444906967,1,73340111,Rua 198 1743
81613454066,724833153,Eduarda Pinto,437000414,6170859391,1,14056395,Rua José Kuchnier 1344
71764072669,303631693,Kai Cavalcanti,51065605902,1624016997,1,52021150,Rua 4 594
27784260784,917223082,Kaua Pinto,547515976,8121234570,0,86043150,Avenida F 532
36646582645,630798066,Yasmin Ribeiro,21837292421,4349037052,0,37504034,Rua Stambul 1860
40383727405,781464901,Júlio Gomes,216900018,3539116361,0,2075010,Rua L 1430
49241779896,442483985,Sarah Cavalcanti,13021114158,1159054449,0,72862125,Estrada Padre Agostinho Caballero Martin 264Rua dos Pombos 1740
98998833280,691272484,Nicolash Sousa,162758718,6183389609,0,40350460,Praça Felício Fortunato Sávio 515Rua dos Empresários 724
87412135481,838039712,Renan Rocha,57438778585,7163066388,0,41342260,Rua D 1637
51107417600,415442272,Júlia Barros,570512344,7133972353,0,77420660,Rua Emílio Nogueira dos Santos 1971Rua Bruno Figueiredo Pinto 830Beco Poti 1007
37949840994,53882604,Carolina Ferreira,76006110333,6327277118,0,34565230,Quadra QR 615 Conjunto 06 423Rua Professor Guerreiro Lima 1789Travessa Sabino da Silva 949
52436701466,448286973,Carolina Oliveira,751065263,3178586784,1,72270511,Praça Rosa Garcia 302
18142271052,127371526,Carlos Goncalves,38493885162,6132637581,0,17023521,Rua Somair Saffady 1674
86916985194,109168130,Luiz Ferreira,352138253,1483002551,0,54762805,Quadra QNL 22 Conjunto C 883
88869583660,91312723,Laura Barros,2790775230,8180846010,1,57306080,Rua Coronel Joaquim Monteiro 2Quadra 704 Sul Alameda 7 868
68945846301,85226860,Mateus Ribeiro,28893629,8287727817,1,4416060,Rua Professor Jorge Romano 1324Rua José Joaquim de Mello 1885Rua Doutora Rita Maria 167
27733055903,653656585,Sofia Cavalcanti,88221179831,1127236951,1,83326630,Rua Roque Palmieri 1706
48642303905,435220612,Antônio Alves,883084095,4196592090,0,72310702,Rua José Geraldo de Souza 1316Rua Guacui 1287
83465256131,339170029,Yasmin Carvalho,29161438497,6164423431,0,29026140,Avenida Central 1179
11093508566,189344929,Luís Dias,224098947,2735385805,0,2212010,Rua Engenheiro Paulo 562
39905937730,517951889,Rafaela Santos,41392036793,1188496711,1,38703058,Rua Araçatuba 1488
69239798200,697478063,Gabriel Rodrigues,439851371,3479216534,0,89221404,Rua Alexandre de Gusmão 53
53211220755,428104867,Clara Castro,59119592929,4759153828,1,61634010,Rua Santa Cruz 1539
57008703392,971812368,Luiza Goncalves,542513613,8540297686,1,65912040,Rua Cinco 1417
45324563803,383725088,Enzo Almeida,48154729264,9981132147,0,8507220,Rua Hélio C. da Fonseca 1284Rua Belém 279
86824526185,619193231,Diogo Barros,483794273,1168696116,1,24425630,Rua da Glória 1715
61876491680,106043007,Guilherme Pinto,17084292125,2152753198,0,97577015,Rua Sessenta e Três 172
89190357680,918288737,Fábio Araujo,101964422,5575624973,0,86806450,Acesso B 489
21485095352,900072657,Gabriela Gomes,77011159952,4326906793,0,12081260,Avenida Prefeito Jácomo Nicolau Paccola 914Rua Ana Gama e Melo 1575
94254338600,660063194,Sophia Castro,752714320,1251634589,1,3066054,Avenida Barão do Rego Barros 211Rua C 243
33912946043,106757656,Vinicius Carvalho,67545286292,1154609672,0,26175130,Rua Pernambuco 1038
46613604356,142406270,Renan Melo,673437449,2167827681,0,5328010,Rua Alonso de Mena 679
81042011664,517192795,Mariana Barros,5760651311,1172638510,1,93044070,Rua Doutor Bernardino Palmier 310Quadra Dezesseis 1352
50202505707,656014785,Letícia Barros,86995223,5137697889,1,8566500,Rua Barão de Mogi-Mirim 1906Travessa do Povo 881
94700578998,427373676,Danilo Barros,70068607925,1148853922,1,79060090,Rua Santa Maria 1422
39679489434,523302989,Miguel Araujo,767412589,6799374591,1,66075020,Quadra Quadra 601 Conjunto 19 42Rua G 1992
30903112590,940544519,Laura Barbosa,2188774967,9141443120,0,63041600,Rua Nove 1438
69371250461,427959264,Diogo Castro,13122539,8829099401,1,35703307,Rua Canijos 1069
14603406045,787973464,Emilly Souza,56136796122,3125043910,0,58031200,Avenida Doutor Heitor Penteado 752Rua Alto Garças 510
28236172210,371701260,Julieta Castro,552076925,8325583896,1,6322370,Rua José Gomes de Souza 1551Rua Luiz Fernando Veríssimo 639Rua Nossa Senhora da Abadia 1083Rua dos Carvalhos 133
79666458195,567396962,Lara Santos,97872341666,1134469974,1,45998009,Rua Três 1014
40411246461,523810056,Rafael Costa,904012327,7365483490,1,95057383,Rua Francisco Miranda 1151
33080169077,748127769,Caio Oliveira,26057947918,5436125162,0,21854230,Rua M 1348
83348016029,390297003,Livia Correia,202471074,2162448749,0,22780807,Rua Campos Salles 299
18438771718,644189707,Renan Martins,6057186773,2144374083,0,23810600,Rua Florentino José de Oliveira 1274Rua Catarina Guilhem Serrano 1867Rua Trinta e Sete 87
90576642088,418134966,Leonardo Almeida,45239589,2139645358,0,78735808,Passagem Maura 730
70916465098,512086190,Carolina Rodrigues,69335553059,6693572513,0,14711510,Rua Ricardo Coscia 249
79868616069,756433788,Leonor Rodrigues,613615129,1737868147,1,35044310,Rua Venezuela 1452
58342544540,60581898,Martim Carvalho,59765906677,3336178425,1,24417260,Rua Antônio Wilman 547
45622405637,622685603,Gabrielly Cavalcanti,544944897,2148213232,0,78055548,Rua José Cândido Ferreira 1975Quadra Quadra 008 Conjunto D 1220Rua Uruaçu 1737
34676093330,188801287,José Cavalcanti,34685873093,6591942660,0,83707420,Rua Marte 1205
24433580031,894889029,Aline Gomes,384569049,4172617041,1,8010470,Travessa Maria e Barros 946
79480792540,23103842,Nicole Pereira,70457089580,1123752691,1,3661000,Rua Cassiano 1213
51785090569,399146821,Julia Oliveira,775155477,1149825409,1,26286440,Rua K 1669
66103936802,528006771,Vitoria Ferreira,54762932784,2165348524,0,13105765,Avenida Itararé 476
18327570056,108631052,Mateus Correia,566373245,1994467653,0,69076290,Rua Padre Lemos 1479
39356730946,108945273,Rafaela Barbosa,15561699926,9268946782,0,13057515,Rua 113 1379
45665028304,34245566,Ágatha Gomes,189960643,1937692844,0,70867550,Rua Guaraci 1927
47712476179,396347832,Sophia Melo,44421581440,6160736729,0,72500415,Rua Malaquita 893
40982119046,140101643,Marisa Costa,420947757,6121522187,1,2144030,Rua Manuel de Almeida 653
28383182252,990836680,Igor Fernandes,12111350680,1152815134,0,58057600,Rua 120 1628
19887936456,673088671,Vitór Barbosa,192159514,8341118480,1,27333310,Rua Fábio Takashi Haguiara 1855Rua Neusa Domingos Nascimento Vasconcelos 611Avenida Gabriela Mistral 419
77085884720,820094385,Luana Cunha,34241312613,2454983784,1,59122740,Rua 230 500
99801345349,79777151,Pedro Gomes,335817660,8437314463,1,29703730,Rua Rebouças 668
22374594017,272912222,Marcos Silva,69614791688,2779838420,1,26155490,Rua dos Capitães Generais 28Rua Irma Salvador de Oliveira 1934Quadra 507 Sul Avenida LO 13 443Rua Anísio Figueiredo 1876
37719832906,241645379,Kauan Cavalcanti,634440428,2160119284,1,53020060,Avenida Geraldo de Andrade 1724Rua Tiradentes 1216
44161949600,639981673,Kauê Melo,20421057793,8170058144,1,79044849,Rua das Flores 1377
31052138560,150260631,Luiza Sousa,251959636,6720357203,1,26480260,Avenida Um 931
62218190915,209856046,Nicolash Ribeiro,57973327126,2177895141,1,18081290,Rua A 443
47201062344,271966172,Nicolas Almeida,533256264,1546299655,0,7040161,Rua Benedito Martiniano Gonçalves 1764Quadra QR 306 Conjunto 01 368Travessa Doze 471
95848217416,983090018,Tiago Cavalcanti,71796767471,1125754452,0,31070420,Rua Pedro Amaral 1323
85125761540,418889612,Clara Rodrigues,739849173,3196254444,0,74460390,Travessa Ascendino Lisboa 1310Rua Belarmino Carneiro 1810
11899405232,844644141,Otávio Araujo,11192308792,6289073256,1,79015015,Rua São Diego 112
35886680985,312813270,Pedro Oliveira,169435625,6778465650,0,40421290,Rua das Margaridas 1713
86938754772,264029795,Kauê Melo,14123217234,7185183068,0,90630100,Avenida Nego 1442
65420271818,738769654,Kauã Carvalho,137582557,5191126560,0,9220160,Rua Claudino Marcelino Fadanelli 1719Rua Manoel da Nóbrega 1411
38455476184,372716677,Diego Cavalcanti,614464836,1182438482,1,7176530,Avenida Mário Cerqueira Neto 1124Rua Canastra 1634
35412792650,253846417,Livia Lima,45792092,1162384550,1,56903250,Rua 11 1431
23794550234,783875061,Mariana Martins,25600924570,8766785467,0,20766450,Rua José Fernandes Diniz 1992Rua Quatro 188
22357857196,906500172,Bianca Gomes,249414447,2157802493,1,39402479,Rua São Paulo 49
78397881140,86999707,Manuela Fernandes,88814519943,3876496760,1,90540120,Rua José Pedreira Coelho 1412Rua X-038 221
40384849989,887912006,Nicole Cunha,810502240,5153439521,1,18213270,Rua Frei Caneca 208
66778582006,21096831,Vitor Lima,25333394876,1540415181,1,18211100,Travessa Doutor Faria Júnior 221Rua Florença 1280
40658427350,190567887,Eduarda Rocha,266552216,1590798392,0,67033240,Rua Santa Terezinha 617
77225402870,646685853,Paulo Pinto,72875608019,9161502881,0,8230730,Rua Francisco Rodrigues de Campos 233Quadra QR 05 Conjunto D 1016
29612326860,546743720,André Lima,762369261,1127334337,0,12284120,Quadra QNO 18 Conjunto 09 1448Rua Elampio Bezerra 480
55422474236,146288904,Luiza Pinto,96148468414,1232293573,0,8471050,Rua Professor Matheus Bragagnolo 1474Rua Francisca Alves de Albuquerque 1087Rua Monte Branco 269
62973883261,975287921,Mariana Dias,918439428,1146654851,0,15061130,Quadra Quadra QR 315 Conjunto I 1258Alameda Acesso ao Aeroporto 593Rua Willian Maksoud 1538
83393530127,834111252,Larissa Sousa,37295286535,1738119732,1,78058733,Rua Sete 995
32624688196,353497477,Mateus Castro,344457434,6538757058,1,70750767,Rua Sebastiana da Cunha Bueno 1345Rua 8 1976
90413933318,183704183,Beatriz Cardoso,1241374185,6183282623,0,29108540,Rua Teófilo José Teixeira 1592Rua Verlânia Nogueira 214
77704021745,84374439,Livia Alves,30983998,2749667577,0,12319000,Avenida Niterói 543
37220311176,885473931,Alice Dias,75492093318,1272378511,0,78730320,Rua Mamoré 1980
66357238112,353871042,Marisa Pereira,792998719,6665324936,0,13222137,Praça Maurício Cardozo Ocampo 1633Rua Eduardo Maurell Müller 1426Quadra SHIS QI 27 Conjunto 13 110Rua Trinta e Nove 394
58556542573,118817414,Vitór Correia,19728354806,1132965943,1,49095020,Rua Manoel Gualberto 345
33796598277,472318436,Vitoria Santos,139434565,7933489514,1,9111410,Rua Vitifolia 473
44532481724,365286042,Lavinia Rocha,93916117343,1190487383,1,8121490,Rua Nova I 784
75830287447,139302459,Daniel Cardoso,912202758,1147537909,1,35054040,Rua Professor Anísio Teixeira 1351Quadra Quadra 24 Conjunto C 1544Praça Major Bernardino Dantas 1348Rua Pinhão 542
73092468295,683139206,Maria Costa,19814263964,3345187411,0,7151810,Rua Continental 739
89586857603,410753406,Joao Sousa,118021699,1137534018,0,90680020,Quadra Quinze 849
82211614973,956478577,Lara Souza,27339392199,5163259172,0,55614610,Rua Lenira Ribeiro Matos 1445Rua Luiz Braille 851
22207955869,802328769,João Araujo,258536180,8125692899,1,74972150,Rua Rui Barbosa 1004
33776693029,904066887,Mariana Melo,24439122549,6225527262,1,13203569,Vila Sebastião Cravo 284
83969336180,188339940,Kaua Lima,211775549,1198782173,1,72420300,Rua Horácio João Nepomuceno 539Rua Cônego Sangirardi 112
34126238220,1229593,Bruno Cavalcanti,13808389740,6120186581,1,69081330,Rua Anália Franco 1217
38533122500,372104185,Brenda Rodrigues,135818294,9292082044,0,13177334,Rua Vereador Guilherme Giro 1842Travessa Barão do Triunfo 739Rua Manoel Dias de Sousa 1757Rua Rúbens Cabral 1726
16439337017,969286087,Eduarda Barbosa,5812212513,1964733037,1,57035100,Avenida Silva Jardim 1823
45244830554,698807828,Carolina Rocha,8529221,8288036269,0,13474170,Rua dos Bolivianos 1077
49690797220,500900272,Sophia Correia,12536467856,1995053113,1,35500258,Rua João Pessoa 654
72847407448,314143573,Kauã Lima,183903628,3775746600,0,3940080,Rua Blumenau 1172
97301042477,788583597,Laura Dias,2018086269,1146122066,1,9913120,Passagem Dois 160
30429938845,190298669,Sofia Rocha,85560140,1147824195,0,53409690,Avenida Marajó 407
98580383218,505293401,Leonor Melo,86522585193,8155122458,1,6670210,Rua Quatro 1351
43159552560,615620430,Sophia Rocha,853667417,1152609753,1,79063642,Rua Cinco 730
86054606603,43673324,Amanda Correia,68264780441,6775078807,1,65044000,Praça Doutor Sérgio Talans 398Rua Iríres 1942
54280572380,281691109,Carla Oliveira,624605503,9880719097,1,75105390,Rua José Jorge Patrício 264Rua Mário Bataida 1765
70681175036,789336171,Thaís Silva,42411778392,6265235458,0,98807455,Rua Raul Silva 950
15658730252,349800345,Mateus Lima,424871896,5591539065,1,58107374,Quadra SEPS 713/913 1983
67356610795,556230169,Otávio Silva,44190254880,8395058857,1,40370750,Rua Bernardino Alves do Couto 1742Rua General Jacinto Maria de Godoy 1670Rua do Almirante 323
81453667202,138971765,Lara Castro,401238978,7192025624,1,15997132,Rua Luiz Pinto 91
30743872037,704336104,Livia Gomes,2993369893,1645947477,0,13178655,Avenida Presidente Prudente 1250Rua Álvares de Azevedo 1843
17273691305,288343530,Anna Rocha,86656943,1958043642,1,86812448,Rua Serra da Tijuca 656
81601332866,891480387,Lara Pinto,79764799244,4350122247,1,53240550,Rua 146 1170
64271973122,632232066,Luan Barbosa,722447469,8151224931,0,21351080,Conjunto Vivendas do Bonfim 1445Rua Transversal Dois 1981
48379340132,343192951,André Cavalcanti,32248273533,2197097960,1,17050070,Rua Amauri de Medeiros 212
33077997037,774217719,Vitória Barbosa,398080143,1432436260,1,32060060,Rua Projetada 16 33
91393808310,46488991,Erick Rodrigues,55057425877,3148412029,0,97020230,Vila Santo Antônio 875
66601573442,412326562,Thaís Araujo,527291505,5539855735,0,81350440,Rua Joana Pinheiro 626
60302726756,191893468,Larissa Ribeiro,43390441565,4140248661,0,41308000,Avenida Major Antônio Mariano Borba 648Avenida Nova York 77
11381335748,988816108,Letícia Souza,471964976,7170734865,1,15015830,Rua Álvaro Osimo Caetano 194Rua Padre Faustino 603
56845688745,46310523,Clara Lima,2655321366,1752365432,1,38401832,Rua Tesk 308
24839898618,102075950,Diogo Cunha,25287569,3422416658,0,86707780,Rua Arrojado Lisboa 772
57046650713,776290101,Lucas Barbosa,28330571125,4358388861,0,20021200,Rua Marechal Hermes da Fonseca 1739Rua Formosa 432
52133475761,651980712,Melissa Pereira,246425254,2172409454,0,84070010,Rua Paulo de Avelar 1621
89701461649,661706504,Lavinia Melo,91720090302,4294696587,0,37900056,Rua Rio Junco 1185
90193831163,906300492,Lucas Silva,999257654,3581929980,1,81560570,Rua Castro Alves 1426
16941917024,344055839,André Alves,22235490517,4153506661,0,12062670,Rua Acuti 1744
10377414719,557331016,Vinicius Correia,208007429,1231214530,0,14164000,Rua Goiana 1380
97455459025,700076975,Douglas Sousa,3456056656,1627347184,1,17204510,Rua Sílvio Battistetti 1450
45499551120,754069831,Gabrielly Gomes,54851112,1751066542,0,65072023,Rua Santa Luzia 714
51592941478,899269114,Igor Santos,70207891212,9896917054,0,2334030,Rua Décio Bueno 379
46540011156,501694302,Gabrielly Fernandes,760992292,1138467046,0,65061250,Rua Três 462
16464900889,932958873,Evelyn Azevedo,83982672538,9884707273,1,9163270,Rua G 700
56772022661,436609426,Marina Ribeiro,889274119,1197716245,1,19802460,Rua K-003 1832
53458112294,731010546,Leonor Martins,9037401685,1852644189,1,12062170,Rua Olívio Coraiola 687
14095570229,327204032,Erick Silva,21604134,1280858317,0,72503200,Avenida Casa Verde 520
95259082915,580096809,Leonardo Fernandes,8004400591,6164234970,1,88048385,Rua João Alves Leitão 1959
97516192708,839763408,Luis Rodrigues,28315726,4846577149,1,26065200,Rua Miguel Alves Viana 168
15855218252,357124309,Pedro Souza,69148206841,2156058187,0,3305005,Rua São Borja 1407
71292255560,526960861,Ana Costa,614525819,1124197197,0,5630075,Travessa Manoel do Ó 177
64172693881,771873432,Beatriz Dias,21513684515,1168813837,0,90250420,Rua Alderico Gazoni 1981
38991816460,797451452,Vinicius Correia,243238450,5159085544,0,71882102,Rua Brasilina Tomás de Aquino 568Rua B 1816
48206360140,737614796,Danilo Cavalcanti,67733237163,6196168896,0,58020700,Rua Três 1789
14538615641,40793794,Bianca Cardoso,654690619,8347066770,0,75806270,Rua Professor José Menezes Bueno 1880Rua Antônio Félix 1794
55307396791,760217277,Diego Dias,53782401992,6463172156,1,83212527,Rua Maria Celestina da Paixão 980Rua Alberto Marti 526
38968210160,226913476,Lucas Almeida,568981831,4125072774,0,40350170,Rua Monsenhor Joaquim Clemente Bueno de Medeiros 907Quadra SHIS QI 19 Bloco B 1271Rua Wanda dos Santos Mullmann 980Rua Carlos Gomes 620
37708428980,45695327,Breno Martins,40195626953,7184558309,0,17606240,Avenida Barão do Rio Branco 211Vila Amílcar 718
39650065687,477638830,Enzo Rocha,462327813,1484433404,1,4177350,Quadra Quadra 535 1673
22658579390,524056176,Gabrielly Barros,9977394928,1122697934,0,78135270,Avenida Castrucio Justi 390
27558015308,174513872,Bruna Castro,29806251,6527267880,0,27913360,Rua Rio Grande do Sul 1808
67953155842,344559262,Gabriel Pinto,69191480465,2294966105,0,14882128,Rua Natanael César Camargo 1118Avenida Frederico Scanavino 389Rua Nossa Senhora da Fátima 1706Rua Benedito Máximo Camargo 493Rua 2 617
53405978149,354283960,Alice Souza,605426195,1668416127,1,26557650,Rua Pego Raro 720
88223224011,912682756,Otávio Dias,63492852018,2180328895,0,71680362,Travessa Newton Vasconcelos 6Rua Christian Santana Correia 340Rua Marquês de Olinda 1317
86923243530,867824654,Luana Silva,642903702,6163606985,1,13848291,Rua Angico 657
38700625507,233359459,Erick Lima,45973300838,1690018910,0,40720470,Rua Doutor Lauro Dantas Hora 1811Avenida Acre 35
64528322129,967940461,Daniel Barros,417214829,7187319589,0,66645060,Rua Engenheiro Bernardo Saião 599Rua Emílio Moura 42
52568293519,999811260,Paulo Martins,41970704448,9140952554,0,9134140,Rua Vermelho 1781
19802247227,163343349,Raissa Melo,451553698,1177007118,0,12212040,Rua B 1555
58971856548,660391913,Pedro Castro,8240637124,1248799664,0,11370310,Rua Dirceu Borges 727
54185143427,628011929,Danilo Gomes,82522521,1141497666,1,65901000,Rua dos Colibris 1785
24336077282,78953833,Evelyn Cavalcanti,24601314253,9963088592,0,50110677,Travessa do Contorno 367
80579061205,796296585,Tânia Gomes,279140382,8153888672,1,57010540,Rua São Bartholomeu 1248
69002354410,558838103,Nicolas Sousa,23488879804,8234522751,0,88809356,Rua José da Silva Rodrigues 1955Rua Carlos Drumond de Andrade 1181Rua Construtor Severino Bezerra 1428Rua Itapuan 325
92904607412,833127997,Rebeca Santos,281419034,4899993906,0,8250720,Rua Trinta e Um de Março 1288Rua Moura Valente 1445
94968269382,986421959,Vinicius Pinto,91575453738,1125792522,0,18708691,Rua Rogério A. da Silva 1530Rua dos Pinheirais 24
39938166334,79642074,Luana Dias,910143683,1470574515,0,38700024,Estrada Nove de Julho 984
92912908825,777421219,Diogo Almeida,5882664377,3479448823,0,6704482,Vila Nilo 902
32451625619,972592011,Amanda Barros,23770708,1185686394,1,19030060,Rua Belo Horizonte 1213
78304084910,638954046,Kauê Cardoso,18788076923,1872442196,0,69097489,Rua Vereador Luiz M. da Silva 752Rua Costa Rica 1627
69163893118,81516546,Júlia Araujo,161834147,9232979164,1,88512460,Vila Eulália Carneiro 1939
19792086978,462252829,Raissa Rocha,29209822977,4943856625,0,75904480,Rua Roselândia 951
85333507597,99445375,Sarah Oliveira,243779150,6471665338,1,25268270,Rua Coronel Rodovalho 1568
31903075394,347429733,Enzo Castro,10569652071,2167967823,1,29103040,Rua Doutor Alfredo Barcelos 37Rua Francisco Pereira Coutinho 147Rua Nove de Julho 1530
80343878518,233971642,Guilherme Barros,173167138,2796169770,0,69054749,
26267237702,644268600,Thaís Oliveira,57355105876,9277618310,1,69035090,
61999206355,837688758,Felipe Martins,567092691,9251197368,0,29168660,
26998579985,475419801,Erick Martins,30488684194,2787589316,1,12043210,
42612002952,357475683,Clara Pinto,367557594,1298566054,0,44064520,
40228786738,493814894,Guilherme Souza,17709228867,7559473480,0,91120060,
51562562525,552305836,Guilherme Cunha,110410315,5151449969,0,19035255,
24648096754,816947367,Kaua Silva,3661100274,1873006554,1,58803780,
56450706236,556645657,Luan Pinto,65847005,8342088536,1,25042610,
66582483978,663943075,Gabriel Souza,43456877021,2132846355,0,72331806,
64766449630,256902278,Gabrielle Barbosa,434338341,6148859292,0,95034490,
65378152909,336003168,Mariana Barros,47572871967,5488816618,0,88064673,
33578261009,644786362,Emilly Ferreira,480341996,4830455108,0,18275260,
80547237766,593195265,Breno Sousa,19420251041,1564719833,1,57081860,
25739412218,414412089,Bruna Ferreira,124503627,8231676705,0,72161203,
13807248560,257012290,Emily Alves,75754768772,6178959535,0,13032430,
71350120626,136829935,Rafaela Rocha,726995064,1963847244,1,77022336,
41309731934,566530694,Felipe Almeida,2096917304,6372957998,0,59014080,
21125802219,694717976,Vitór Barbosa,65572557,8474854302,1,17207190,
18845880265,199022168,Carlos Gomes,52437653710,1787015039,1,55036480,
77078196910,129216497,Douglas Castro,585627516,8195955684,0,8285170,
79081404407,717198167,Beatrice Rocha,64647314854,1170892636,0,35430238,
44440245935,259731876,Luan Carvalho,613812006,3165293013,1,32560260,
65774700739,359758751,Isabela Martins,7455681785,3137173015,1,66640045,
86949968981,56594876,Nicole Martins,98562620,9155453321,0,7063021,
67347014174,797974665,Murilo Azevedo,95303154847,1139175491,0,9432490,
94913386417,978467563,Victor Pereira,921560981,1652353443,0,20520120,
89923544796,100253140,Letícia Melo,35783386252,2189016932,0,8665470,
39698457267,652828550,Luís Goncalves,362098182,1163685324,1,13181630,
65985503607,292968241,Leonardo Correia,16762259260,1959342403,0,13871059,
25606527570,624660563,André Carvalho,157624249,1935446808,0,17013022,
20203690796,370984609,Carolina Araujo,73862706591,1499042598,0,12010380,
64264945500,492679124,Nicole Ribeiro,726742642,1243499456,0,13414216,
80870160842,633997644,Leonardo Costa,12896122675,1945035183,1,91793630,
81147617503,344128738,Rafael Castro,179066138,5187992136,1,18685505,
70475868730,339354554,Vitória Pinto,22295366772,1479627799,1,58055510,
27468300860,320997494,Nicolas Fernandes,297164482,8391958659,1,4612041,
70699590280,528376941,Isabela Santos,1722190028,1175429633,0,11669170,
96391718911,727985572,Otávio Ribeiro,73540106,1258855837,0,98015460,
58342535800,24141656,Marcos Oliveira,92785083674,5559144288,1,3579080,
99025023347,873345392,Bruno Ribeiro,980941469,1194223696,1,24731060,
62676952552,552074253,Kai Carvalho,10696625501,2184669014,1,68505400,
15236009936,226464858,Danilo Almeida,141015757,9447199665,0,13801340,
92967690198,714299583,Leonor Correia,24541082581,1652092237,1,94965575,
95957275476,32901556,Vitór Cardoso,204225520,5174277515,0,98806130,
25394412979,210481696,Livia Azevedo,98469970543,5560055722,1,72640119,
77355002546,344773592,Diego Sousa,957998318,6132504784,0,73807275,
12467394964,515255641,Julian Oliveira,78743460845,6179699029,0,11347690,
95471051670,124868208,Caio Santos,716760795,1153087569,0,72870562,
58445945840,414033237,Gabrielly Gomes,35348628319,6182055127,1,13075460,
16184475215,127729344,Vitór Costa,380665506,1920028335,1,78055478,
72714758428,265562967,Luiz Dias,30207597134,6562714643,1,58055420,
55942823197,722244978,Lavinia Ribeiro,336137804,8341355439,0,94060290,
78932612005,952883108,Bruno Fernandes,68620727466,5194538026,1,74948130,
66971386884,483831257,Isabella Santos,610438431,6282727829,0,29172130,
19273577130,758814276,Caio Barbosa,50142446867,2791468258,0,83609420,
83206829917,905579720,Aline Costa,579148588,4184626931,1,51330471,
87407850259,675821812,Tiago Araujo,61492870028,8126223714,0,30668510,
28511377514,909338647,Kai Rodrigues,600038570,3139095166,1,18607750,
74924083747,693595183,Alex Carvalho,53794124066,1423257719,0,26510368,
37886604571,853264341,Fernanda Goncalves,512950996,2198848483,0,7144080,
73634564962,30855506,Kauã Pinto,50546128443,1155152647,0,27950380,
35948616274,748883987,Rodrigo Pinto,569345151,2287837059,1,66812410,
84592120507,946174538,Tânia Azevedo,97899066625,9141308489,0,13082787,
73883165662,906286380,Samuel Cardoso,908255792,1925034405,1,12445560,
42639603515,372789227,Igor Rocha,16509711125,1286666818,1,26215020,
72456514696,361490708,Breno Araujo,129261795,2180292008,0,35930354,
99524038528,765764499,Camila Carvalho,55362595517,3183018188,1,72415404,
89306490097,437578246,Eduardo Ferreira,584450260,6166939536,0,6355490,
56015829630,104363875,Kauan Barros,40660342023,1192173599,0,85606160,
16185930056,707387503,Camila Rocha,406264449,4667637814,1,12401280,
93511871603,512254218,Paulo Barbosa,14937387185,1280912823,1,50771220,
84239631017,827988393,Isabela Barbosa,193156656,8144415407,1,35701557,
61820432882,944003556,José Silva,76969939729,3173152914,0,86805250,
11625847181,17117694,Raissa Costa,710243975,4399484774,0,63113570,
10717320480,741115330,Arthur Carvalho,23165703386,8882936710,0,75908490,
18526263641,737323329,José Fernandes,275628719,6454177110,1,84062430,
94837533256,368475117,Matheus Alves,61541344293,4266765418,1,84021360,
70602026415,37161210,Rebeca Carvalho,635701838,4239542455,0,2075040,
96553057320,454989657,Marcos Martins,29084133958,1187323794,1,63113360,
42996330161,471416098,Thiago Sousa,294079138,8846099574,0,8660051,
22664784609,860115074,Pedro Dias,14871863651,1161545769,1,6657140,
47845778745,591530116,Arthur Cunha,193900338,1160017921,1,3701010,
75864397024,924181496,Sophia Melo,80795962652,1141562891,1,74655325,
90605600350,180504998,Bruna Almeida,893257941,6289478910,0,19033090,
15477920602,228741473,Ana Pereira,98236173536,1874716665,1,3167080,
15827289841,603782775,Pedro Correia,903528153,1183195575,1,6524260,
75713922251,424040650,Danilo Alves,13145857975,1190257302,1,77016134,
26949790333,485076042,Fábio Araujo,141019425,6398289155,1,24460210,
72561060926,395376037,Rafaela Goncalves,91123077835,2126464272,1,55026190,
13861788535,369399730,Lara Dias,931086768,8142039369,1,95052570,
92720038148,676007699,Fábio Cunha,74188968971,5466628578,0,73807205,
38798995170,235804048,Clara Castro,772528353,6162976515,0,18053360,
42912572010,780506113,Tiago Castro,45216475639,1597276818,0,21520480,
16274104143,571700778,Erick Araujo,485214543,2193904078,1,12502350,
62233601696,609709173,Fernanda Alves,33731702566,1289368017,1,72306301,
75412393640,725646421,Miguel Pinto,386132384,6148766906,0,78149378,
44194523318,724288779,Fernanda Lima,89330318063,6558672814,1,24745040,
21744754640,591209487,Ana Santos,813070850,2131387811,0,3631150,
76043846250,897282703,Fernanda Dias,61884661644,1177436957,1,50710340,
89753158785,478152075,Vitoria Cunha,682949634,8142428488,1,53419270,
80761160906,888690072,Alice Goncalves,90036752914,8125959609,1,85901045,
35258674258,919113159,Júlio Azevedo,970184857,4594984250,1,58039101,
26526406742,400565245,Anna Cunha,76800722163,8393592330,1,95112070,
10371889260,484143392,Bruno Correia,793034928,5473029406,1,4001000,
36377146205,854389886,Sarah Barbosa,33159589948,1197093001,0,75703010,
69107072651,24999994,Melissa Cardoso,355723915,6468065646,0,79093531,
70486833259,26048323,Vitoria Cunha,5706845853,6776649921,0,71691112,
49285226647,888187319,Carolina Pinto,6272374,6159125075,0,58087314,
41198958740,119317889,Kauê Fernandes,26000152013,8320577205,0,33937130,
89913324394,317789777,Amanda Cavalcanti,275396219,3131257526,0,93348030,
60282624120,237274855,Vitor Barbosa,63643989908,5180886470,1,13405034,
52382183896,91082960,Luiza Correia,658924887,1986263707,1,74921460,
19233146456,494095281,Martim Castro,60138227480,6269534860,0,83508480,
20627191169,124654227,Eduarda Fernandes,689392866,4173233321,0,24120305,
96102807812,144025409,Erick Pinto,12602932692,2164993168,1,37716136,
36177821758,252872637,Sofia Martins,177622811,3569382453,1,6501110,
56028704660,171744163,Larissa Goncalves,29099457170,1186717469,0,13306271,
31621415325,21225657,Luana Pinto,243572251,1158289232,0,71725504,
29057706946,616494663,Luís Cardoso,18295149135,6151943099,1,72260809,
92894121512,539923958,Victor Goncalves,141848484,6183774907,0,26349090,
60010274553,61040077,Rafaela Castro,91870411379,2157976079,1,89037234,
14454688087,684442189,Fernanda Ferreira,991864267,4748169289,0,4937230,
16717843837,491709302,Caio Almeida,52426837528,1184879112,1,21520560,
49512082969,747983172,Anna Costa,534549245,2139939755,0,72545509,
64606146010,981150947,Eduardo Lima,82913285147,6180269181,0,12086100,
84993873301,617677382,Thaís Ribeiro,845903746,1250387155,1,79106300,
66283614701,180509619,Vitór Dias,70658920624,6728876493,1,11432550,
66441270617,164897250,Luan Almeida,795763853,1340318498,1,5750360,
30861714725,963834429,Letícia Pinto,76704206559,1180637453,1,74430250,
61813045097,31183486,Leonardo Martins,772159158,6274084609,1,88813682,
87738416173,420998237,Rodrigo Ribeiro,32269409963,4882415152,1,64035690,
77815510019,209834072,Gustavo Cardoso,391893694,8669362234,0,6850200,
53886029409,504696513,Isabella Ferreira,51414679692,1159973249,1,80810080,
31061260941,997181987,Vitor Rodrigues,565926855,4129477199,0,17525183,
61012286304,885850256,Marina Fernandes,36561956327,1425897506,1,91060115,
90072747080,532619042,Julieta Rodrigues,310172241,5195037352,0,71675130,
23595782275,586134502,Diogo Melo,10000046627,6139916762,1,13091339,
31601723334,456606516,José Goncalves,117918746,1969777693,1,58043150,
20146861906,94191886,Fábio Castro,56099916989,8322266516,0,8050480,
55803903000,450915460,Luís Costa,588509721,1158387802,0,65044290,
40289737400,970120248,Sofia Sousa,26227443341,9839277389,1,88047110,
86148244756,844694837,Isabela Cardoso,211971470,4846658516,1,71572403,
87152364478,96822585,Kai Castro,4384564306,6145932503,1,49038010,
70743204980,497216202,Douglas Ribeiro,86953993,7990085793,1,53360620,
38309023103,258348810,Leonardo Almeida,81053676716,8123978961,0,79824210,
11197873430,716426300,Laura Pinto,862194051,6766759227,1,66640075,
55359011300,46946146,Lucas Oliveira,91395252539,9121378617,1,29156593,
15256764314,662002841,Anna Melo,973040956,2757584703,0,82015290,
68822933338,850309637,Carlos Martins,52790907433,4143894715,1,29104758,
77281991967,235876686,Pedro Ribeiro,583766629,2766398030,1,60335840,
13413201700,400893760,Fernanda Martins,8431779312,8527836520,1,29116080,
38416008329,188757080,Sophia Castro,27538090,2799798490,1,2723090,
15596915572,470786353,Vitória Correia,62510298618,1199406924,0,21330120,
41205183027,910791611,Fábio Cardoso,641734702,2154686410,1,14066080,
97108609762,963327100,Evelyn Cavalcanti,45116969722,1675276460,1,97015060,
76853373634,970121677,Miguel Barbosa,497521133,5539397381,1,5866100,
18552452723,964249198,Davi Goncalves,51832682304,1142806141,1,11431425,
64547211248,509893981,Julian Lima,554417599,1364686351,0,80250200,
48330355373,751906058,Sarah Castro,32813408864,4188576169,1,3873100,
54269974893,326389694,Renan Cardoso,363549491,1185567140,0,12444250,
93534038207,995276515,Kauan Ribeiro,13156972765,1270549816,1,13454365,
32738027156,963274149,Lucas Santos,103501604,1925129033,1,91751055,
31278074732,724812434,Erick Souza,20577886893,5136384058,0,12326370,
98850009330,121341678,Sofia Barbosa,256398755,1286366001,1,9160040,
66828202082,11056716,Nicole Ribeiro,60258111322,1156569816,1,13347408,
89961109651,889866961,Rebeca Goncalves,668293507,1989998167,1,4854060,
45118919746,944709040,Camila Cardoso,10194131626,1157074187,1,29173451,
34126942661,23686813,Paulo Oliveira,113179431,2773935629,0,13456560,
15930302820,943988633,Arthur Barbosa,95659435906,1996605467,0,17523020,
35958257137,526071127,Mariana Barbosa,951579374,1497243728,1,83221190,
13682037284,349777550,Giovanna Costa,98152138877,4176672571,1,70390135,
46418148991,733329545,Bianca Barbosa,978987961,6154694868,1,79321450,
69264398937,170227879,Rafaela Pereira,55715110434,6789197456,0,95032140,
65766715714,324469670,Aline Santos,507908643,5439812610,0,29075377,
92224132379,855985042,Rafaela Cardoso,53667742967,2742608999,0,26465000,
76762772641,87815998,Beatriz Sousa,509911588,2151502481,1,9972300,
48189591622,589488574,Vitória Souza,68507372829,1146233666,0,16050185,
50302685022,467828014,Tomás Cavalcanti,654794307,1880463641,1,13100373,
28931873409,903949566,Júlia Santos,61841485554,1995248368,1,74988440,
98654642335,121252981,Otávio Castro,609357558,6227267199,1,40415220,
10541629050,911544240,Diego Azevedo,39036063527,7182784122,1,23826140,
87671290130,360453887,Gabriela Cardoso,359096992,2155176700,0,2867020,
29985259386,824139474,Clara Melo,19872798989,1151903234,1,13348878,
89917784535,410180881,Erick Pereira,133214455,1932829218,1,60851230,
73239114275,521288482,Breno Araujo,35241311874,8528588061,0,17511640,
25309229930,996347453,Nicolas Sousa,346409559,1430298703,1,14807295,
37022655030,736111800,Luan Sousa,93226487129,1650274865,1,32690250,
91841201502,580878620,Lucas Oliveira,922653647,3141908539,0,90840450,
12051558132,934858497,Mateus Barbosa,87624165605,5188272556,0,13562250,
32462602062,87825769,Davi Fernandes,853573560,1664736529,0,40711020,
69723308584,981177500,Sophia Barros,40564944545,7132815167,1,58108643,
78520236650,114653186,Samuel Barbosa,495066667,8378537729,0,86188120,
51387573004,126629491,Matheus Oliveira,66420238132,4377992062,0,29163670,
40799421090,263469495,Beatrice Barros,642186531,2796419618,1,81870030,
34721278993,74381399,Marina Carvalho,71533072588,4193698802,0,53580180,
89978604022,390249258,Beatrice Cunha,717428686,8148188835,0,75104600,
84614467717,190711390,Davi Martins,46933656081,6284149730,1,4810160,
70240951050,391959117,Vinícius Melo,412556084,1148514939,0,7861230,
81302352180,923528321,Mariana Oliveira,89116926464,1189304635,0,17523350,
97035529942,38014691,Carolina Barbosa,830092408,1497193121,1,51345340,
53631222866,231464189,Murilo Ribeiro,63732620664,8187005655,1,13844009,
39529783299,820771546,Mateus Castro,659087399,1656824354,0,91540580,
95611102379,236759118,Júlia Cardoso,5240438782,5154788787,1,78149212,
57043585783,667999184,Breno Cardoso,31821351,6593417640,1,74981220,
12307058214,342427866,Anna Azevedo,9590261976,6286553314,0,82010140,
88842723274,472576692,Arthur Souza,10621786,4197345242,1,2520100,
12459252960,435038305,Lavinia Souza,45980830598,1156235308,1,13468272,
78487452876,236682333,Gabrielle Martins,404822213,1980204730,1,9171480,
30533239583,687756795,Sophia Dias,36375374570,1195649646,0,85813530,
58859091055,65213185,Aline Gomes,377550028,4564599927,1,58102347,
28368843391,770040115,Marcos Costa,28787722632,8373728169,1,6447490,
42745609530,212232030,Ana Lima,297155200,1195145469,1,15086067,
34523131740,288136436,Kai Melo,84518345163,1729056179,0,77423460,
92836725265,596166203,Kaua Pereira,852382163,6393749378,1,78093565,
69042989106,885730374,Ana Gomes,67746975371,6541358554,0,18279637,
27043807247,997278467,Laura Castro,644037649,1557315218,1,57039460,
90222169427,953298892,Cauã Sousa,27222684422,8221769101,0,49092090,
99805769011,125854073,Anna Almeida,218175210,7992316545,1,8021353,
79628463993,345522816,Murilo Almeida,18939207202,1177726494,0,13306160,
13284975772,831541530,Kauê Lima,142184319,1127002691,0,71655510,
31463578520,191335465,Vitor Castro,75757381274,6179533510,0,83323400,
65101983128,50885041,Eduarda Azevedo,795576183,4198025331,1,37002420,
12344046992,434196919,Larissa Santos,17763051768,3570678341,0,36016311,
64551471038,820330749,Lavinia Azevedo,130957819,3221993351,1,60130520,
12000048412,210545687,José Pereira,96785978180,8539953583,0,72860498,
22851051938,529798436,Vitor Carvalho,932875651,6177222384,1,24738790,
79359048127,564714938,Nicolas Ribeiro,94000388252,2179496802,0,53405010,
37840399606,524613106,Vinícius Sousa,916742857,8133688294,0,86061265,
90700730800,64192613,Luís Dias,58261133676,4392236817,1,14784300,
65593857369,746606739,Gabriela Correia,528606736,1780123155,1,65606440,
98286282876,330365889,Melissa Gomes,34795798939,9977934198,0,18213120,
32452445924,350270420,Tiago Gomes,323655117,1542712982,0,75709310,
99023652568,137621952,Rodrigo Gomes,43588384104,6428154422,1,69084440,
10539068381,434803711,Larissa Santos,415776425,9289684979,1,21381060,
46129703066,229962618,Sarah Oliveira,80586976418,2150853333,1,49066050,
79101694189,331553163,Raissa Castro,891634675,7939153841,1,93425050,
83705263145,697143674,Caio Goncalves,38549256683,5120738479,1,35181541,
88405393285,205093051,Renan Costa,326194494,3152704238,1,49050080,
38259492490,667040437,Gabrielly Oliveira,2835158010,7926448358,1,78931070,
83095111169,627380129,João Almeida,78404169,6937096385,0,9120400,
72462076514,426299919,Alice Goncalves,5775015303,1124696743,0,30575660,
40666328668,564692449,Cauã Ribeiro,76771585,3178226713,1,56330575,
61921461365,32252840,Gabriela Almeida,23056301520,8796514901,1,94425290,
94804938028,704849363,Rodrigo Goncalves,278953468,5141507935,0,53040080,
74674709326,907014261,Vinícius Correia,24498191595,8197397222,1,58053203,
19064241104,725232153,Gustavo Pinto,206149873,8343076810,1,23585807,
30695776959,202916719,Breno Rocha,30763341431,2133955057,0,17032210,
31693055732,759297447,Brenda Sousa,374627337,1443165438,0,18061110,
82372192108,70042407,Rebeca Silva,93150986045,1558237976,1,72820250,
20666163383,557398164,Leila Azevedo,960181483,6141179148,0,59122015,
17398202822,655055686,Alice Costa,54231929073,8487582993,1,38408622,
76371371398,960003655,Breno Lima,518071640,3479545226,1,35180028,
28078731205,511804805,Vitór Lima,11096226596,3148317231,1,36081590,
36254108429,389089008,Leila Costa,194277219,3235454199,0,31870580,
51688029583,681482455,Tomás Rocha,66677264745,3133293194,1,83507580,
42496412606,298980639,Miguel Almeida,683248643,4198644609,0,74354530,
77948090290,688967681,Cauã Silva,36946471854,6267088805,0,60340590,
18262257146,592118172,Camila Sousa,370167932,8565379728,1,96810350,
60587570881,987547997,João Goncalves,14019791213,5187665062,1,58106430,
25017213651,205239637,Rebeca Correia,138655790,8321486948,0,82515270,
46672010297,265096026,Pedro Martins,68666889643,4137579285,0,60040450,
23114240500,619255022,Luan Almeida,684636798,8592736619,1,52071450,
95964460372,58605989,Joao Carvalho,8096669054,8171736927,0,8584010,
59717897751,340857227,Erick Lima,31314258,1153762311,1,21021421,
78252022529,232682642,Renan Pinto,71480107713,2195068946,0,37500432,
12749352703,593303320,Eduardo Cardoso,732466685,3556307964,1,19800021,
